니카라구아 파이브 데 주니오 SHG EP,0원,니카라구아,Royal Coffee,https://royalcoffeekorea.co.kr/sub/greenbean2.htm?ptype=view&prdcode=2110080003&catcode=000000&page=1&catcode=&grp=&brand=&orderby=&searchopt=&searchkey=
에디오피아 게뎁 첼베사 내추럴 예가체프 올가닉 (11월 입고 예정),0원,에티오피아,Royal Coffee,https://royalcoffeekorea.co.kr/sub/greenbean2.htm?ptype=view&prdcode=2109070003&catcode=000000&page=1&catcode=&grp=&brand=&orderby=&searchopt=&searchkey=
에디오피아 게뎁 베리티 내추럴 예가체프 올가닉 (11월 입고 예정),0원,에티오피아,Royal Coffee,https://royalcoffeekorea.co.kr/sub/greenbean2.htm?ptype=view&prdcode=2109070002&catcode=000000&page=1&catcode=&grp=&brand=&orderby=&searchopt=&searchkey=
엘살바도르 핀카 엘 고비아도 오렌지 버번 내추럴,0원,엘살바도르,Royal Coffee,https://royalcoffeekorea.co.kr/sub/greenbean2.htm?ptype=view&prdcode=2110010012&catcode=000000&page=1&catcode=&grp=&brand=&orderby=&searchopt=&searchkey=
에디오피아 함벨라 알라카 워시드 올가닉 (11월 입고 예정),0원,에티오피아,Royal Coffee,https://royalcoffeekorea.co.kr/sub/greenbean2.htm?ptype=view&prdcode=2109070004&catcode=000000&page=1&catcode=&grp=&brand=&orderby=&searchopt=&searchkey=
엘살바도르 라스 닌파스 파카마라 내추럴,0원,엘살바도르,Royal Coffee,https://royalcoffeekorea.co.kr/sub/greenbean2.htm?ptype=view&prdcode=2110010010&catcode=000000&page=1&catcode=&grp=&brand=&orderby=&searchopt=&searchkey=
케냐 니에리 오타야 칭가 AA,0원,케냐,Royal Coffee,https://royalcoffeekorea.co.kr/sub/greenbean2.htm?ptype=view&prdcode=2110010007&catcode=000000&page=1&catcode=&grp=&brand=&orderby=&searchopt=&searchkey=
파나마 핀카 레리다 워시드,0원,파나마,Royal Coffee,https://royalcoffeekorea.co.kr/sub/greenbean2.htm?ptype=view&prdcode=2110010006&catcode=000000&page=1&catcode=&grp=&brand=&orderby=&searchopt=&searchkey=
에디오피아 게뎁 첼첼레 내추럴 예가체프 올가닉 (11월 입고 예정),0원,에티오피아,Royal Coffee,https://royalcoffeekorea.co.kr/sub/greenbean2.htm?ptype=view&prdcode=2109070007&catcode=000000&page=1&catcode=&grp=&brand=&orderby=&searchopt=&searchkey=
에디오피아 게뎁 첼베사 워시드 예가체프 올가닉 (11월 입고 예정),0원,에티오피아,Royal Coffee,https://royalcoffeekorea.co.kr/sub/greenbean2.htm?ptype=view&prdcode=2109070006&catcode=000000&page=1&catcode=&grp=&brand=&orderby=&searchopt=&searchkey=
니카라구아 핀카 엘 파스토랄 허니,0원,니카라구아,Royal Coffee,https://royalcoffeekorea.co.kr/sub/greenbean2.htm?ptype=view&prdcode=2110010008&catcode=000000&page=1&catcode=&grp=&brand=&orderby=&searchopt=&searchkey=
엘살바도르 에스파냐 에스테이트 내추럴 무산소,0원,엘살바도르,Royal Coffee,https://royalcoffeekorea.co.kr/sub/greenbean2.htm?ptype=view&prdcode=2110010011&catcode=000000&page=1&catcode=&grp=&brand=&orderby=&searchopt=&searchkey=
코스타리카 산타 마리아 드 도타 AAA 블랙허니,0원,코스타리카,Royal Coffee,https://royalcoffeekorea.co.kr/sub/greenbean2.htm?ptype=view&prdcode=2110010018&catcode=000000&page=1&catcode=&grp=&brand=&orderby=&searchopt=&searchkey=
과테말라 안티구아 루이스 페드로 젤라야 그린하우스,0원,과테말라,Royal Coffee,https://royalcoffeekorea.co.kr/sub/greenbean2.htm?ptype=view&prdcode=2110010001&catcode=000000&page=1&catcode=&grp=&brand=&orderby=&searchopt=&searchkey=
엘살바도르 산타 레티시아 버번 내추럴,0원,엘살바도르,Royal Coffee,https://royalcoffeekorea.co.kr/sub/greenbean2.htm?ptype=view&prdcode=2110010009&catcode=000000&page=1&catcode=&grp=&brand=&orderby=&searchopt=&searchkey=
과테말라 엘피냘 린다 비스타 30kg 게이샤,0원,과테말라,Royal Coffee,https://royalcoffeekorea.co.kr/sub/greenbean2.htm?ptype=view&prdcode=2110010004&catcode=000000&page=1&catcode=&grp=&brand=&orderby=&searchopt=&searchkey=
파나마 게이샤 50lb,0원,파나마,Royal Coffee,https://royalcoffeekorea.co.kr/sub/greenbean2.htm?ptype=view&prdcode=2110010005&catcode=000000&page=1&catcode=&grp=&brand=&orderby=&searchopt=&searchkey=
에디오피아 함벨라 부쿠 내추럴 올가닉 (11월 입고 예정),0원,에티오피아,Royal Coffee,https://royalcoffeekorea.co.kr/sub/greenbean2.htm?ptype=view&prdcode=2109070001&catcode=000000&page=1&catcode=&grp=&brand=&orderby=&searchopt=&searchkey=
코스타리카 라 에스페란자 패밀라 몽해 블랙허니,0원,코스타리카,Royal Coffee,https://royalcoffeekorea.co.kr/sub/greenbean2.htm?ptype=view&prdcode=2110010017&catcode=000000&page=1&catcode=&grp=&brand=&orderby=&searchopt=&searchkey=
케냐 키암부 뮤리 더블워시드 피베리,0원,케냐,Royal Coffee,https://royalcoffeekorea.co.kr/sub/greenbean2.htm?ptype=view&prdcode=2110080004&catcode=000000&page=1&catcode=&grp=&brand=&orderby=&searchopt=&searchkey=
케냐 니에리 카모이니 트리플 워시드,0원,케냐,Royal Coffee,https://royalcoffeekorea.co.kr/sub/greenbean2.htm?ptype=view&prdcode=2110010002&catcode=000000&page=1&catcode=&grp=&brand=&orderby=&searchopt=&searchkey=
인도네시아 수마트라 자공 제젯 가요 라우저 안타라 내추럴,0원,인도네시아,Royal Coffee,https://royalcoffeekorea.co.kr/sub/greenbean2.htm?ptype=view&prdcode=2110080005&catcode=000000&page=2&catcode=&grp=&brand=&orderby=&searchopt=&searchkey=
코스타리카 라 에스페란자 패밀라 몽해 내추럴,0원,코스타리카,Royal Coffee,https://royalcoffeekorea.co.kr/sub/greenbean2.htm?ptype=view&prdcode=2110010016&catcode=000000&page=2&catcode=&grp=&brand=&orderby=&searchopt=&searchkey=
콜롬비아 부카라망가 슈프리모,0원,콜롬비아,Royal Coffee,https://royalcoffeekorea.co.kr/sub/greenbean2.htm?ptype=view&prdcode=2110010003&catcode=000000&page=2&catcode=&grp=&brand=&orderby=&searchopt=&searchkey=
에디오피아 게뎁 첼첼레 워시드 예가체프 올가닉 (11월 입고 예정),0원,에티오피아,Royal Coffee,https://royalcoffeekorea.co.kr/sub/greenbean2.htm?ptype=view&prdcode=2109070005&catcode=000000&page=2&catcode=&grp=&brand=&orderby=&searchopt=&searchkey=
인디아 케랄라 로부스타 농장 직수입,5900원,인디아,Royal Coffee,https://royalcoffeekorea.co.kr/sub/greenbean2.htm?ptype=view&prdcode=2105270005&catcode=000000&page=2&catcode=&grp=&brand=&orderby=&searchopt=&searchkey=
인디아 케랄라 로부스타 농장 직수입,6500원,인디아,Royal Coffee,https://royalcoffeekorea.co.kr/sub/greenbean2.htm?ptype=view&prdcode=2104220001&catcode=000000&page=2&catcode=&grp=&brand=&orderby=&searchopt=&searchkey=
인디아 케랄라 로부스타 농장 직수입,6500원,인디아,Royal Coffee,https://royalcoffeekorea.co.kr/sub/greenbean2.htm?ptype=view&prdcode=2105260007&catcode=000000&page=2&catcode=&grp=&brand=&orderby=&searchopt=&searchkey=
콜롬비아 어거스티노 포레스트,6500원,콜롬비아,Royal Coffee,https://royalcoffeekorea.co.kr/sub/greenbean2.htm?ptype=view&prdcode=2109290001&catcode=000000&page=2&catcode=&grp=&brand=&orderby=&searchopt=&searchkey=
콜롬비아 어거스티노 포레스트,6500원,콜롬비아,Royal Coffee,https://royalcoffeekorea.co.kr/sub/greenbean2.htm?ptype=view&prdcode=2007100002&catcode=000000&page=2&catcode=&grp=&brand=&orderby=&searchopt=&searchkey=
파푸아뉴기니 키멜 A,8000원,파푸아뉴기니,Royal Coffee,https://royalcoffeekorea.co.kr/sub/greenbean2.htm?ptype=view&prdcode=2005040012&catcode=000000&page=2&catcode=&grp=&brand=&orderby=&searchopt=&searchkey=
브라질 파젠다 퀴롬보 RFA,8000원,브라질,Royal Coffee,https://royalcoffeekorea.co.kr/sub/greenbean2.htm?ptype=view&prdcode=1803210004&catcode=000000&page=2&catcode=&grp=&brand=&orderby=&searchopt=&searchkey=
브라질 노바 알리안카 내추럴 농장 직수입,8000원,브라질,Royal Coffee,https://royalcoffeekorea.co.kr/sub/greenbean2.htm?ptype=view&prdcode=1611300003&catcode=000000&page=2&catcode=&grp=&brand=&orderby=&searchopt=&searchkey=
브라질 과수페 모지아나 농장 직수입,8100원,브라질,Royal Coffee,https://royalcoffeekorea.co.kr/sub/greenbean2.htm?ptype=view&prdcode=1601270001&catcode=000000&page=2&catcode=&grp=&brand=&orderby=&searchopt=&searchkey=
브라질 과수페 세하도 농장 직수입,8100원,브라질,Royal Coffee,https://royalcoffeekorea.co.kr/sub/greenbean2.htm?ptype=view&prdcode=1508040001&catcode=000000&page=2&catcode=&grp=&brand=&orderby=&searchopt=&searchkey=
브라질 과수페 모지아나 농장 직수입,8100원,브라질,Royal Coffee,https://royalcoffeekorea.co.kr/sub/greenbean2.htm?ptype=view&prdcode=2008180004&catcode=000000&page=2&catcode=&grp=&brand=&orderby=&searchopt=&searchkey=
브라질 과수페 세하도 농장 직수입,8100원,브라질,Royal Coffee,https://royalcoffeekorea.co.kr/sub/greenbean2.htm?ptype=view&prdcode=2008180005&catcode=000000&page=2&catcode=&grp=&brand=&orderby=&searchopt=&searchkey=
브라질 술데미나스 카스탄야스,8100원,브라질,Royal Coffee,https://royalcoffeekorea.co.kr/sub/greenbean2.htm?ptype=view&prdcode=2010290004&catcode=000000&page=2&catcode=&grp=&brand=&orderby=&searchopt=&searchkey=
브라질 이스텐시아 레시 내추럴 RFA,8300원,브라질,Royal Coffee,https://royalcoffeekorea.co.kr/sub/greenbean2.htm?ptype=view&prdcode=2104090001&catcode=000000&page=2&catcode=&grp=&brand=&orderby=&searchopt=&searchkey=
브라질 이스텐시아 레시 내추럴 RFA,8300원,브라질,Royal Coffee,https://royalcoffeekorea.co.kr/sub/greenbean2.htm?ptype=view&prdcode=2005210001&catcode=000000&page=2&catcode=&grp=&brand=&orderby=&searchopt=&searchkey=
브라질 둘스 펄프드 내추럴,8300원,브라질,Royal Coffee,https://royalcoffeekorea.co.kr/sub/greenbean2.htm?ptype=view&prdcode=1901290010&catcode=000000&page=2&catcode=&grp=&brand=&orderby=&searchopt=&searchkey=
브라질 둘스 펄프드 내추럴,8300원,브라질,Royal Coffee,https://royalcoffeekorea.co.kr/sub/greenbean2.htm?ptype=view&prdcode=2008180008&catcode=000000&page=2&catcode=&grp=&brand=&orderby=&searchopt=&searchkey=
에디오피아 구지 다메다바예 내추럴 시다모,8300원,에티오피아,Royal Coffee,https://royalcoffeekorea.co.kr/sub/greenbean2.htm?ptype=view&prdcode=2012170004&catcode=000000&page=3&catcode=&grp=&brand=&orderby=&searchopt=&searchkey=
에디오피아 구지 다메다바예 내추럴 시다모,8300원,에티오피아,Royal Coffee,https://royalcoffeekorea.co.kr/sub/greenbean2.htm?ptype=view&prdcode=2011020008&catcode=000000&page=3&catcode=&grp=&brand=&orderby=&searchopt=&searchkey=
브라질 사오 호아오 옐로우버번 농장 직수입,8500원,브라질,Royal Coffee,https://royalcoffeekorea.co.kr/sub/greenbean2.htm?ptype=view&prdcode=1712220001&catcode=000000&page=3&catcode=&grp=&brand=&orderby=&searchopt=&searchkey=
브라질 파젠다 과르다 세하도 옐로우버번 펄프드 내추럴,8600원,브라질,Royal Coffee,https://royalcoffeekorea.co.kr/sub/greenbean2.htm?ptype=view&prdcode=2008180007&catcode=000000&page=3&catcode=&grp=&brand=&orderby=&searchopt=&searchkey=
브라질 파젠다 과르다 세하도 옐로우버번 펄프드 내추럴,8600원,브라질,Royal Coffee,https://royalcoffeekorea.co.kr/sub/greenbean2.htm?ptype=view&prdcode=1901210001&catcode=000000&page=3&catcode=&grp=&brand=&orderby=&searchopt=&searchkey=
인디아 마이소르 너겟 엑스트라볼드 농장 직수입,8700원,인디아,Royal Coffee,https://royalcoffeekorea.co.kr/sub/greenbean2.htm?ptype=view&prdcode=2008050001&catcode=000000&page=3&catcode=&grp=&brand=&orderby=&searchopt=&searchkey=
인디아 마이소르 너겟 엑스트라볼드 농장 직수입,8700원,인디아,Royal Coffee,https://royalcoffeekorea.co.kr/sub/greenbean2.htm?ptype=view&prdcode=2008140001&catcode=000000&page=3&catcode=&grp=&brand=&orderby=&searchopt=&searchkey=
브라질 세르타오징요 옐로우버번 농장 직수입,8800원,브라질,Royal Coffee,https://royalcoffeekorea.co.kr/sub/greenbean2.htm?ptype=view&prdcode=1510300001&catcode=000000&page=3&catcode=&grp=&brand=&orderby=&searchopt=&searchkey=
브라질 만치케이라 데 미나스 내추럴 옐로우 카투아이,9100원,브라질,Royal Coffee,https://royalcoffeekorea.co.kr/sub/greenbean2.htm?ptype=view&prdcode=1803210001&catcode=000000&page=3&catcode=&grp=&brand=&orderby=&searchopt=&searchkey=
브라질 페레이라 옐로우버번 농장 직수입,9100원,브라질,Royal Coffee,https://royalcoffeekorea.co.kr/sub/greenbean2.htm?ptype=view&prdcode=1712220002&catcode=000000&page=3&catcode=&grp=&brand=&orderby=&searchopt=&searchkey=
콜롬비아 후일라 카데피휠라,9200원,콜롬비아,Royal Coffee,https://royalcoffeekorea.co.kr/sub/greenbean2.htm?ptype=view&prdcode=1909180007&catcode=000000&page=3&catcode=&grp=&brand=&orderby=&searchopt=&searchkey=
콜롬비아 톨리마 코아그로비다,9200원,콜롬비아,Royal Coffee,https://royalcoffeekorea.co.kr/sub/greenbean2.htm?ptype=view&prdcode=1909180003&catcode=000000&page=3&catcode=&grp=&brand=&orderby=&searchopt=&searchkey=
멕시코 자칼테낭고 치아파스 샌 페르난도 알투라,9200원,멕시코,Royal Coffee,https://royalcoffeekorea.co.kr/sub/greenbean2.htm?ptype=view&prdcode=1902270005&catcode=000000&page=3&catcode=&grp=&brand=&orderby=&searchopt=&searchkey=
니카라구아 디필토 SHG EP 농장 직수입,9200원,니카라구아,Royal Coffee,https://royalcoffeekorea.co.kr/sub/greenbean2.htm?ptype=view&prdcode=2008280001&catcode=000000&page=3&catcode=&grp=&brand=&orderby=&searchopt=&searchkey=
브라질 시티오 다 토레 펄프드 내추럴 옐로우 카투아이,9300원,브라질,Royal Coffee,https://royalcoffeekorea.co.kr/sub/greenbean2.htm?ptype=view&prdcode=1812030001&catcode=000000&page=3&catcode=&grp=&brand=&orderby=&searchopt=&searchkey=
온두라스 옥시덴테 EHG EP,9300원,온두라스,Royal Coffee,https://royalcoffeekorea.co.kr/sub/greenbean2.htm?ptype=view&prdcode=2102030002&catcode=000000&page=3&catcode=&grp=&brand=&orderby=&searchopt=&searchkey=
브라질 파젠다 사콰레마,9400원,브라질,Royal Coffee,https://royalcoffeekorea.co.kr/sub/greenbean2.htm?ptype=view&prdcode=1802020002&catcode=000000&page=3&catcode=&grp=&brand=&orderby=&searchopt=&searchkey=
르완다 무간자 버번,9400원,르완다,Royal Coffee,https://royalcoffeekorea.co.kr/sub/greenbean2.htm?ptype=view&prdcode=1711010007&catcode=000000&page=3&catcode=&grp=&brand=&orderby=&searchopt=&searchkey=
페루 솔 카페,9500원,페루,Royal Coffee,https://royalcoffeekorea.co.kr/sub/greenbean2.htm?ptype=view&prdcode=2002030003&catcode=000000&page=3&catcode=&grp=&brand=&orderby=&searchopt=&searchkey=
과테말라 라스 델리시아스 에스탄주엘라,9500원,과테말라,Royal Coffee,https://royalcoffeekorea.co.kr/sub/greenbean2.htm?ptype=view&prdcode=1908220004&catcode=000000&page=3&catcode=&grp=&brand=&orderby=&searchopt=&searchkey=
니카라구아 디필토 SHG EP 농장 직수입,9500원,니카라구아,Royal Coffee,https://royalcoffeekorea.co.kr/sub/greenbean2.htm?ptype=view&prdcode=1707030005&catcode=000000&page=3&catcode=&grp=&brand=&orderby=&searchopt=&searchkey=
과테말라 라 에스메랄다 제수스 라미레즈 레무스,9500원,과테말라,Royal Coffee,https://royalcoffeekorea.co.kr/sub/greenbean2.htm?ptype=view&prdcode=1710260004&catcode=000000&page=4&catcode=&grp=&brand=&orderby=&searchopt=&searchkey=
엘살바도르 라스 라자스,9500원,엘살바도르,Royal Coffee,https://royalcoffeekorea.co.kr/sub/greenbean2.htm?ptype=view&prdcode=1805290003&catcode=000000&page=4&catcode=&grp=&brand=&orderby=&searchopt=&searchkey=
과테말라 라 발사,9500원,과테말라,Royal Coffee,https://royalcoffeekorea.co.kr/sub/greenbean2.htm?ptype=view&prdcode=2006300001&catcode=000000&page=4&catcode=&grp=&brand=&orderby=&searchopt=&searchkey=
엘살바도르 산 라파엘 로스나랑요,9500원,엘살바도르,Royal Coffee,https://royalcoffeekorea.co.kr/sub/greenbean2.htm?ptype=view&prdcode=1707140001&catcode=000000&page=4&catcode=&grp=&brand=&orderby=&searchopt=&searchkey=
과테말라 산 마틴 질로테페퀘,9500원,과테말라,Royal Coffee,https://royalcoffeekorea.co.kr/sub/greenbean2.htm?ptype=view&prdcode=1711010009&catcode=000000&page=4&catcode=&grp=&brand=&orderby=&searchopt=&searchkey=
엘살바도르 산타 이사벨,9500원,엘살바도르,Royal Coffee,https://royalcoffeekorea.co.kr/sub/greenbean2.htm?ptype=view&prdcode=1711010001&catcode=000000&page=4&catcode=&grp=&brand=&orderby=&searchopt=&searchkey=
엘살바도르 알파 SHG EP,9500원,엘살바도르,Royal Coffee,https://royalcoffeekorea.co.kr/sub/greenbean2.htm?ptype=view&prdcode=2008310006&catcode=000000&page=4&catcode=&grp=&brand=&orderby=&searchopt=&searchkey=
온두라스 시구아테페퀘 세로 아줄,9500원,온두라스,Royal Coffee,https://royalcoffeekorea.co.kr/sub/greenbean2.htm?ptype=view&prdcode=2102030004&catcode=000000&page=4&catcode=&grp=&brand=&orderby=&searchopt=&searchkey=
과테말라 라 페를라 SHB,9500원,과테말라,Royal Coffee,https://royalcoffeekorea.co.kr/sub/greenbean2.htm?ptype=view&prdcode=1908220007&catcode=000000&page=4&catcode=&grp=&brand=&orderby=&searchopt=&searchkey=
코스타리카 엘 포에타,9600원,코스타리카,Royal Coffee,https://royalcoffeekorea.co.kr/sub/greenbean2.htm?ptype=view&prdcode=1707030001&catcode=000000&page=4&catcode=&grp=&brand=&orderby=&searchopt=&searchkey=
코스타리카 라 팔마 SHB EP,9600원,코스타리카,Royal Coffee,https://royalcoffeekorea.co.kr/sub/greenbean2.htm?ptype=view&prdcode=1811190001&catcode=000000&page=4&catcode=&grp=&brand=&orderby=&searchopt=&searchkey=
과테말라 휴휴테낭고 산티아고 치말테낭고,9700원,과테말라,Royal Coffee,https://royalcoffeekorea.co.kr/sub/greenbean2.htm?ptype=view&prdcode=1908220006&catcode=000000&page=4&catcode=&grp=&brand=&orderby=&searchopt=&searchkey=
온두라스 시구아테페퀘 엘 재규어 SHB EP,9700원,온두라스,Royal Coffee,https://royalcoffeekorea.co.kr/sub/greenbean2.htm?ptype=view&prdcode=2006240004&catcode=000000&page=4&catcode=&grp=&brand=&orderby=&searchopt=&searchkey=
과테말라 MAM SHB EP,9800원,과테말라,Royal Coffee,https://royalcoffeekorea.co.kr/sub/greenbean2.htm?ptype=view&prdcode=1806290003&catcode=000000&page=4&catcode=&grp=&brand=&orderby=&searchopt=&searchkey=
온두라스 인티부카 마빈 보닐라,9800원,온두라스,Royal Coffee,https://royalcoffeekorea.co.kr/sub/greenbean2.htm?ptype=view&prdcode=2006240001&catcode=000000&page=4&catcode=&grp=&brand=&orderby=&searchopt=&searchkey=
온두라스 인티부카 험베르토 아르돈,9800원,온두라스,Royal Coffee,https://royalcoffeekorea.co.kr/sub/greenbean2.htm?ptype=view&prdcode=2006240002&catcode=000000&page=4&catcode=&grp=&brand=&orderby=&searchopt=&searchkey=
온두라스 렘피라 산타로사,9800원,온두라스,Royal Coffee,https://royalcoffeekorea.co.kr/sub/greenbean2.htm?ptype=view&prdcode=2006240003&catcode=000000&page=4&catcode=&grp=&brand=&orderby=&searchopt=&searchkey=
브라질 파젠다 다 온카 & 캄포,9800원,브라질,Royal Coffee,https://royalcoffeekorea.co.kr/sub/greenbean2.htm?ptype=view&prdcode=2106220001&catcode=000000&page=4&catcode=&grp=&brand=&orderby=&searchopt=&searchkey=
페루 아프로카시 SHB EP 농장 직수입,9800원,페루,Royal Coffee,https://royalcoffeekorea.co.kr/sub/greenbean2.htm?ptype=view&prdcode=2109230005&catcode=000000&page=4&catcode=&grp=&brand=&orderby=&searchopt=&searchkey=
페루 아프로카시 SHB EP 농장 직수입,9800원,페루,Royal Coffee,https://royalcoffeekorea.co.kr/sub/greenbean2.htm?ptype=view&prdcode=2109030003&catcode=000000&page=4&catcode=&grp=&brand=&orderby=&searchopt=&searchkey=
우간다 부기수 시피 폴스 프로젝트,9800원,우간다,Royal Coffee,https://royalcoffeekorea.co.kr/sub/greenbean2.htm?ptype=view&prdcode=2011030003&catcode=000000&page=4&catcode=&grp=&brand=&orderby=&searchopt=&searchkey=
페루 아프로카시 SHB EP 농장 직수입,9800원,페루,Royal Coffee,https://royalcoffeekorea.co.kr/sub/greenbean2.htm?ptype=view&prdcode=2109030003&catcode=000000&page=5&catcode=&grp=&brand=&orderby=&searchopt=&searchkey=
브라질 파젠다 다 온카 & 캄포,9800원,브라질,Royal Coffee,https://royalcoffeekorea.co.kr/sub/greenbean2.htm?ptype=view&prdcode=2106220001&catcode=000000&page=5&catcode=&grp=&brand=&orderby=&searchopt=&searchkey=
엘살바도르 라구나 라스 라나스 핀카 샌프란시스코 허니 농장 직수입,9900원,엘살바도르,Royal Coffee,https://royalcoffeekorea.co.kr/sub/greenbean2.htm?ptype=view&prdcode=2011130001&catcode=000000&page=5&catcode=&grp=&brand=&orderby=&searchopt=&searchkey=
과테말라 휴휴테낭고 핀카 라 벤딕션 카를로스 바스케츠 농장 직수입,9900원,과테말라,Royal Coffee,https://royalcoffeekorea.co.kr/sub/greenbean2.htm?ptype=view&prdcode=2008250006&catcode=000000&page=5&catcode=&grp=&brand=&orderby=&searchopt=&searchkey=
엘살바도르 핀카 산 라파엘 농장 직수입,9900원,엘살바도르,Royal Coffee,https://royalcoffeekorea.co.kr/sub/greenbean2.htm?ptype=view&prdcode=2110070001&catcode=000000&page=5&catcode=&grp=&brand=&orderby=&searchopt=&searchkey=
과테말라 휴휴테낭고 핀카 라 벤딕션 카를로스 바스케츠 농장 직수입,9900원,과테말라,Royal Coffee,https://royalcoffeekorea.co.kr/sub/greenbean2.htm?ptype=view&prdcode=1907010001&catcode=000000&page=5&catcode=&grp=&brand=&orderby=&searchopt=&searchkey=
르완다 나이아마가베 카람비 버번,9900원,르완다,Royal Coffee,https://royalcoffeekorea.co.kr/sub/greenbean2.htm?ptype=view&prdcode=1711010008&catcode=000000&page=5&catcode=&grp=&brand=&orderby=&searchopt=&searchkey=
과테말라 퀘트살테낭고 누에바 알리안자,9900원,과테말라,Royal Coffee,https://royalcoffeekorea.co.kr/sub/greenbean2.htm?ptype=view&prdcode=1704040007&catcode=000000&page=5&catcode=&grp=&brand=&orderby=&searchopt=&searchkey=
인도네시아 발리 블루문 RFA 농장 직수입,9900원,인도네시아,Royal Coffee,https://royalcoffeekorea.co.kr/sub/greenbean2.htm?ptype=view&prdcode=1702010018&catcode=000000&page=5&catcode=&grp=&brand=&orderby=&searchopt=&searchkey=
과테말라 로스 볼케인즈 안티구아,9900원,과테말라,Royal Coffee,https://royalcoffeekorea.co.kr/sub/greenbean2.htm?ptype=view&prdcode=1711010010&catcode=000000&page=5&catcode=&grp=&brand=&orderby=&searchopt=&searchkey=
과테말라 아티틀란 퀴사야,9900원,과테말라,Royal Coffee,https://royalcoffeekorea.co.kr/sub/greenbean2.htm?ptype=view&prdcode=1908220001&catcode=000000&page=5&catcode=&grp=&brand=&orderby=&searchopt=&searchkey=
인도네시아 발리 블루문 RFA 농장 직수입,9900원,인도네시아,Royal Coffee,https://royalcoffeekorea.co.kr/sub/greenbean2.htm?ptype=view&prdcode=2104290001&catcode=000000&page=5&catcode=&grp=&brand=&orderby=&searchopt=&searchkey=
코스타리카 산 라파엘 타라주,10000원,코스타리카,Royal Coffee,https://royalcoffeekorea.co.kr/sub/greenbean2.htm?ptype=view&prdcode=1905200006&catcode=000000&page=5&catcode=&grp=&brand=&orderby=&searchopt=&searchkey=
과테말라 핀카 산타리타 SHB,10000원,과테말라,Royal Coffee,https://royalcoffeekorea.co.kr/sub/greenbean2.htm?ptype=view&prdcode=1908220008&catcode=000000&page=5&catcode=&grp=&brand=&orderby=&searchopt=&searchkey=
니카라구아 지노테가 파라이소,10100원,니카라구아,Royal Coffee,https://royalcoffeekorea.co.kr/sub/greenbean2.htm?ptype=view&prdcode=1902270003&catcode=000000&page=5&catcode=&grp=&brand=&orderby=&searchopt=&searchkey=
니카라구아 지노테가 쿠물팩 SHG EP,10100원,니카라구아,Royal Coffee,https://royalcoffeekorea.co.kr/sub/greenbean2.htm?ptype=view&prdcode=2005040010&catcode=000000&page=5&catcode=&grp=&brand=&orderby=&searchopt=&searchkey=
니카라구아 엘 디아만테,10100원,니카라구아,Royal Coffee,https://royalcoffeekorea.co.kr/sub/greenbean2.htm?ptype=view&prdcode=1908160001&catcode=000000&page=5&catcode=&grp=&brand=&orderby=&searchopt=&searchkey=
엘살바도르 라구나 라스 라나스 핀카 샌프란시스코 허니 농장 직수입,10200원,엘살바도르,Royal Coffee,https://royalcoffeekorea.co.kr/sub/greenbean2.htm?ptype=view&prdcode=2011060001&catcode=000000&page=5&catcode=&grp=&brand=&orderby=&searchopt=&searchkey=
엘살바도르 라구나 라스 라나스 핀카 샌프란시스코 허니 농장 직수입,10200원,엘살바도르,Royal Coffee,https://royalcoffeekorea.co.kr/sub/greenbean2.htm?ptype=view&prdcode=2011130002&catcode=000000&page=5&catcode=&grp=&brand=&orderby=&searchopt=&searchkey=
과테말라 휴휴테낭고 라 솔라데드,10200원,과테말라,Royal Coffee,https://royalcoffeekorea.co.kr/sub/greenbean2.htm?ptype=view&prdcode=1908220005&catcode=000000&page=5&catcode=&grp=&brand=&orderby=&searchopt=&searchkey=
페루 놀테 SHB EP,10200원,페루,Royal Coffee,https://royalcoffeekorea.co.kr/sub/greenbean2.htm?ptype=view&prdcode=1702160005&catcode=000000&page=5&catcode=&grp=&brand=&orderby=&searchopt=&searchkey=
엘살바도르 사바네타스,10300원,엘살바도르,Royal Coffee,https://royalcoffeekorea.co.kr/sub/greenbean2.htm?ptype=view&prdcode=1910010009&catcode=000000&page=6&catcode=&grp=&brand=&orderby=&searchopt=&searchkey=
브라질 안드레다스 술데미나스,10300원,브라질,Royal Coffee,https://royalcoffeekorea.co.kr/sub/greenbean2.htm?ptype=view&prdcode=1802020001&catcode=000000&page=6&catcode=&grp=&brand=&orderby=&searchopt=&searchkey=
온두라스 콤사 SHG EP Fair Trade,10300원,온두라스,Royal Coffee,https://royalcoffeekorea.co.kr/sub/greenbean2.htm?ptype=view&prdcode=1907010016&catcode=000000&page=6&catcode=&grp=&brand=&orderby=&searchopt=&searchkey=
코스타리카 라파스토라 타라주,10300원,코스타리카,Royal Coffee,https://royalcoffeekorea.co.kr/sub/greenbean2.htm?ptype=view&prdcode=1810010001&catcode=000000&page=6&catcode=&grp=&brand=&orderby=&searchopt=&searchkey=
페루 알토 우루밤밤,10300원,페루,Royal Coffee,https://royalcoffeekorea.co.kr/sub/greenbean2.htm?ptype=view&prdcode=1912020017&catcode=000000&page=6&catcode=&grp=&brand=&orderby=&searchopt=&searchkey=
과테말라 아티틀란 샌 제로니모 미르마르,10300원,과테말라,Royal Coffee,https://royalcoffeekorea.co.kr/sub/greenbean2.htm?ptype=view&prdcode=1908220002&catcode=000000&page=6&catcode=&grp=&brand=&orderby=&searchopt=&searchkey=
과테말라 엘 파라이소 RFA,10300원,과테말라,Royal Coffee,https://royalcoffeekorea.co.kr/sub/greenbean2.htm?ptype=view&prdcode=1908220003&catcode=000000&page=6&catcode=&grp=&brand=&orderby=&searchopt=&searchkey=
멕시코 오와사카 셉코 알투라 EP,10400원,멕시코,Royal Coffee,https://royalcoffeekorea.co.kr/sub/greenbean2.htm?ptype=view&prdcode=1910010004&catcode=000000&page=6&catcode=&grp=&brand=&orderby=&searchopt=&searchkey=
과테말라 알로테낭고 칸델라리아 SHB,10500원,과테말라,Royal Coffee,https://royalcoffeekorea.co.kr/sub/greenbean2.htm?ptype=view&prdcode=1908220009&catcode=000000&page=6&catcode=&grp=&brand=&orderby=&searchopt=&searchkey=
코스타리카 라 로사,10600원,코스타리카,Royal Coffee,https://royalcoffeekorea.co.kr/sub/greenbean2.htm?ptype=view&prdcode=1905200004&catcode=000000&page=6&catcode=&grp=&brand=&orderby=&searchopt=&searchkey=
과테말라 프라이제인스 핀커 아돌리아,10700원,과테말라,Royal Coffee,https://royalcoffeekorea.co.kr/sub/greenbean2.htm?ptype=view&prdcode=1909300001&catcode=000000&page=6&catcode=&grp=&brand=&orderby=&searchopt=&searchkey=
엘살바도르 아후챠판 엘 포르테젤로,10700원,엘살바도르,Royal Coffee,https://royalcoffeekorea.co.kr/sub/greenbean2.htm?ptype=view&prdcode=1707140003&catcode=000000&page=6&catcode=&grp=&brand=&orderby=&searchopt=&searchkey=
멕시코 알투라 소코누스코 산 카르로스,10800원,멕시코,Royal Coffee,https://royalcoffeekorea.co.kr/sub/greenbean2.htm?ptype=view&prdcode=1910010005&catcode=000000&page=6&catcode=&grp=&brand=&orderby=&searchopt=&searchkey=
에디오피아 구지 와쵸 솔로로 워시드 시다모,10800원,에티오피아,Royal Coffee,https://royalcoffeekorea.co.kr/sub/greenbean2.htm?ptype=view&prdcode=1810250001&catcode=000000&page=6&catcode=&grp=&brand=&orderby=&searchopt=&searchkey=
브라질 포코스 데 칼다스 내추럴,11000원,브라질,Royal Coffee,https://royalcoffeekorea.co.kr/sub/greenbean2.htm?ptype=view&prdcode=2109010001&catcode=000000&page=6&catcode=&grp=&brand=&orderby=&searchopt=&searchkey=
과테말라 리오 아줄 휴휴테낭고,11000원,과테말라,Royal Coffee,https://royalcoffeekorea.co.kr/sub/greenbean2.htm?ptype=view&prdcode=1806290004&catcode=000000&page=6&catcode=&grp=&brand=&orderby=&searchopt=&searchkey=
과테말라 휴휴테낭고 핀카 엘 인헤르탈 SHB EP 농장 직수입,11000원,과테말라,Royal Coffee,https://royalcoffeekorea.co.kr/sub/greenbean2.htm?ptype=view&prdcode=1912020015&catcode=000000&page=6&catcode=&grp=&brand=&orderby=&searchopt=&searchkey=
파나마 파나마리아 카사루이즈 SHB EP,11000원,파나마,Royal Coffee,https://royalcoffeekorea.co.kr/sub/greenbean2.htm?ptype=view&prdcode=1806290010&catcode=000000&page=6&catcode=&grp=&brand=&orderby=&searchopt=&searchkey=
브라질 포코스 데 칼다스 내추럴,11000원,브라질,Royal Coffee,https://royalcoffeekorea.co.kr/sub/greenbean2.htm?ptype=view&prdcode=2108040001&catcode=000000&page=6&catcode=&grp=&brand=&orderby=&searchopt=&searchkey=
과테말라 리오 아줄 휴휴테낭고,11000원,과테말라,Royal Coffee,https://royalcoffeekorea.co.kr/sub/greenbean2.htm?ptype=view&prdcode=2008200011&catcode=000000&page=6&catcode=&grp=&brand=&orderby=&searchopt=&searchkey=
에디오피아 코케 워시드 예가체프,11300원,에티오피아,Royal Coffee,https://royalcoffeekorea.co.kr/sub/greenbean2.htm?ptype=view&prdcode=1704170013&catcode=000000&page=6&catcode=&grp=&brand=&orderby=&searchopt=&searchkey=
에디오피아 코체레 워시드 예가체프 G1,11300원,에티오피아,Royal Coffee,https://royalcoffeekorea.co.kr/sub/greenbean2.htm?ptype=view&prdcode=1707200017&catcode=000000&page=7&catcode=&grp=&brand=&orderby=&searchopt=&searchkey=
코스타리카 웨스트 밸리 몬테 크리솔,11400원,코스타리카,Royal Coffee,https://royalcoffeekorea.co.kr/sub/greenbean2.htm?ptype=view&prdcode=2008030004&catcode=000000&page=7&catcode=&grp=&brand=&orderby=&searchopt=&searchkey=
멕시코 오아사카 페냐스 네그라스,11400원,멕시코,Royal Coffee,https://royalcoffeekorea.co.kr/sub/greenbean2.htm?ptype=view&prdcode=2008200008&catcode=000000&page=7&catcode=&grp=&brand=&orderby=&searchopt=&searchkey=
탄자니아 엔고론고로 피베리,11400원,탄자니아,Royal Coffee,https://royalcoffeekorea.co.kr/sub/greenbean2.htm?ptype=view&prdcode=2005040024&catcode=000000&page=7&catcode=&grp=&brand=&orderby=&searchopt=&searchkey=
과테말라 퀴사체 엘 볼칸,11400원,과테말라,Royal Coffee,https://royalcoffeekorea.co.kr/sub/greenbean2.htm?ptype=view&prdcode=1907010003&catcode=000000&page=7&catcode=&grp=&brand=&orderby=&searchopt=&searchkey=
브라질 만치케이라 드 미나스 세라 다스 트레스 바라스 옐로우 카투카이,11500원,브라질,Royal Coffee,https://royalcoffeekorea.co.kr/sub/greenbean2.htm?ptype=view&prdcode=2107200001&catcode=000000&page=7&catcode=&grp=&brand=&orderby=&searchopt=&searchkey=
온두라스 핀카 리퀴담바르 허니,11500원,온두라스,Royal Coffee,https://royalcoffeekorea.co.kr/sub/greenbean2.htm?ptype=view&prdcode=2012070002&catcode=000000&page=7&catcode=&grp=&brand=&orderby=&searchopt=&searchkey=
브라질 만치케이라 드 미나스 세라 다스 트레스 바라스 옐로우 카투카이,11500원,브라질,Royal Coffee,https://royalcoffeekorea.co.kr/sub/greenbean2.htm?ptype=view&prdcode=2108170006&catcode=000000&page=7&catcode=&grp=&brand=&orderby=&searchopt=&searchkey=
브라질 만치케이라 드 미나스 세라 다스 트레스 바라스 옐로우 카투카이,11500원,브라질,Royal Coffee,https://royalcoffeekorea.co.kr/sub/greenbean2.htm?ptype=view&prdcode=2107190001&catcode=000000&page=7&catcode=&grp=&brand=&orderby=&searchopt=&searchkey=
에디오피아 지뎁 첼첼레 워시드 예가체프,11600원,에티오피아,Royal Coffee,https://royalcoffeekorea.co.kr/sub/greenbean2.htm?ptype=view&prdcode=1704030001&catcode=000000&page=7&catcode=&grp=&brand=&orderby=&searchopt=&searchkey=
과테말라 안티구아 핀카 메디나 허니,11600원,과테말라,Royal Coffee,https://royalcoffeekorea.co.kr/sub/greenbean2.htm?ptype=view&prdcode=2104140002&catcode=000000&page=7&catcode=&grp=&brand=&orderby=&searchopt=&searchkey=
과테말라 휴휴테낭고 산 페드로 넥타,11700원,과테말라,Royal Coffee,https://royalcoffeekorea.co.kr/sub/greenbean2.htm?ptype=view&prdcode=1907010002&catcode=000000&page=7&catcode=&grp=&brand=&orderby=&searchopt=&searchkey=
멕시코 오아사카 페냐스 네그라스,11700원,멕시코,Royal Coffee,https://royalcoffeekorea.co.kr/sub/greenbean2.htm?ptype=view&prdcode=2001100002&catcode=000000&page=7&catcode=&grp=&brand=&orderby=&searchopt=&searchkey=
콜롬비아 톨리마 플라나다스,11700원,콜롬비아,Royal Coffee,https://royalcoffeekorea.co.kr/sub/greenbean2.htm?ptype=view&prdcode=2010230002&catcode=000000&page=7&catcode=&grp=&brand=&orderby=&searchopt=&searchkey=
과테말라 산호세 라구나,11700원,과테말라,Royal Coffee,https://royalcoffeekorea.co.kr/sub/greenbean2.htm?ptype=view&prdcode=2006010015&catcode=000000&page=7&catcode=&grp=&brand=&orderby=&searchopt=&searchkey=
콜롬비아 톨리마 보스케 갈릴리아 EP RFA,11700원,콜롬비아,Royal Coffee,https://royalcoffeekorea.co.kr/sub/greenbean2.htm?ptype=view&prdcode=2010060001&catcode=000000&page=7&catcode=&grp=&brand=&orderby=&searchopt=&searchkey=
콜롬비아 톨리마 플라나다스,11700원,콜롬비아,Royal Coffee,https://royalcoffeekorea.co.kr/sub/greenbean2.htm?ptype=view&prdcode=2010060002&catcode=000000&page=7&catcode=&grp=&brand=&orderby=&searchopt=&searchkey=
콜롬비아 톨리마 보스케 갈릴리아 EP RFA,11700원,콜롬비아,Royal Coffee,https://royalcoffeekorea.co.kr/sub/greenbean2.htm?ptype=view&prdcode=2010230001&catcode=000000&page=7&catcode=&grp=&brand=&orderby=&searchopt=&searchkey=
에디오피아 코체레 데보 워시드 예가체프,11700원,에티오피아,Royal Coffee,https://royalcoffeekorea.co.kr/sub/greenbean2.htm?ptype=view&prdcode=1805020003&catcode=000000&page=7&catcode=&grp=&brand=&orderby=&searchopt=&searchkey=
과테말라 안티구아 핀카 메디나 허니,11900원,과테말라,Royal Coffee,https://royalcoffeekorea.co.kr/sub/greenbean2.htm?ptype=view&prdcode=2012070001&catcode=000000&page=7&catcode=&grp=&brand=&orderby=&searchopt=&searchkey=
엘살바도르 세로 라스 라나스 허니,11900원,엘살바도르,Royal Coffee,https://royalcoffeekorea.co.kr/sub/greenbean2.htm?ptype=view&prdcode=1804240003&catcode=000000&page=7&catcode=&grp=&brand=&orderby=&searchopt=&searchkey=
파푸아뉴기니 키멜 피베리,12000원,파푸아뉴기니,Royal Coffee,https://royalcoffeekorea.co.kr/sub/greenbean2.htm?ptype=view&prdcode=2103260001&catcode=000000&page=8&catcode=&grp=&brand=&orderby=&searchopt=&searchkey=
파푸아뉴기니 키멜 피베리,12000원,파푸아뉴기니,Royal Coffee,https://royalcoffeekorea.co.kr/sub/greenbean2.htm?ptype=view&prdcode=1811010003&catcode=000000&page=8&catcode=&grp=&brand=&orderby=&searchopt=&searchkey=
에디오피아 고티티 워시드 예가체프 농장 직수입,12000원,에티오피아,Royal Coffee,https://royalcoffeekorea.co.kr/sub/greenbean2.htm?ptype=view&prdcode=1807020002&catcode=000000&page=8&catcode=&grp=&brand=&orderby=&searchopt=&searchkey=
에디오피아 첼바 워시드 예가체프 농장 직수입,12000원,에티오피아,Royal Coffee,https://royalcoffeekorea.co.kr/sub/greenbean2.htm?ptype=view&prdcode=1803130001&catcode=000000&page=8&catcode=&grp=&brand=&orderby=&searchopt=&searchkey=
탄자니아 엔고론고로 피나그로 15+,12000원,탄자니아,Royal Coffee,https://royalcoffeekorea.co.kr/sub/greenbean2.htm?ptype=view&prdcode=2005040023&catcode=000000&page=8&catcode=&grp=&brand=&orderby=&searchopt=&searchkey=
인도네시아 플로레스 바자와 엔구라 RFA,12300원,인도네시아,Royal Coffee,https://royalcoffeekorea.co.kr/sub/greenbean2.htm?ptype=view&prdcode=2001090002&catcode=000000&page=8&catcode=&grp=&brand=&orderby=&searchopt=&searchkey=
우간다 네삐 좀보 내추럴,12400원,우간다,Royal Coffee,https://royalcoffeekorea.co.kr/sub/greenbean2.htm?ptype=view&prdcode=2003020006&catcode=000000&page=8&catcode=&grp=&brand=&orderby=&searchopt=&searchkey=
코스타리카 라 알리안자,12500원,코스타리카,Royal Coffee,https://royalcoffeekorea.co.kr/sub/greenbean2.htm?ptype=view&prdcode=1906210004&catcode=000000&page=8&catcode=&grp=&brand=&orderby=&searchopt=&searchkey=
코스타리카 산타 마리아 드 도타 타라주 AA 에코펄프드 농장 직수입,12500원,코스타리카,Royal Coffee,https://royalcoffeekorea.co.kr/sub/greenbean2.htm?ptype=view&prdcode=2105240001&catcode=000000&page=8&catcode=&grp=&brand=&orderby=&searchopt=&searchkey=
과테말라 핀카 엘 두란조 옐로우 카투라 & 버번,12500원,과테말라,Royal Coffee,https://royalcoffeekorea.co.kr/sub/greenbean2.htm?ptype=view&prdcode=1912020012&catcode=000000&page=8&catcode=&grp=&brand=&orderby=&searchopt=&searchkey=
과테말라 휴휴테낭고 핀카 휴이쏙 SHB EP,12500원,과테말라,Royal Coffee,https://royalcoffeekorea.co.kr/sub/greenbean2.htm?ptype=view&prdcode=1912020014&catcode=000000&page=8&catcode=&grp=&brand=&orderby=&searchopt=&searchkey=
탄자니아 엔고론고로 피나그로 허니,12500원,탄자니아,Royal Coffee,https://royalcoffeekorea.co.kr/sub/greenbean2.htm?ptype=view&prdcode=2005040028&catcode=000000&page=8&catcode=&grp=&brand=&orderby=&searchopt=&searchkey=
코스타리카 산타 마리아 드 도타 타라주 AA 에코펄프드 농장 직수입,12500원,코스타리카,Royal Coffee,https://royalcoffeekorea.co.kr/sub/greenbean2.htm?ptype=view&prdcode=2108170009&catcode=000000&page=8&catcode=&grp=&brand=&orderby=&searchopt=&searchkey=
엘살바도르 쿠즈카차파 RFA SHG EP,12500원,엘살바도르,Royal Coffee,https://royalcoffeekorea.co.kr/sub/greenbean2.htm?ptype=view&prdcode=2110220007&catcode=000000&page=8&catcode=&grp=&brand=&orderby=&searchopt=&searchkey=
엘살바도르 쿠즈카차파 RFA SHG EP,12500원,엘살바도르,Royal Coffee,https://royalcoffeekorea.co.kr/sub/greenbean2.htm?ptype=view&prdcode=2109100002&catcode=000000&page=8&catcode=&grp=&brand=&orderby=&searchopt=&searchkey=
과테말라 핀카 엘 두란조 옐로우 카투라 & 버번,12500원,과테말라,Royal Coffee,https://royalcoffeekorea.co.kr/sub/greenbean2.htm?ptype=view&prdcode=2008200004&catcode=000000&page=8&catcode=&grp=&brand=&orderby=&searchopt=&searchkey=
코스타리카 산타 마리아 드 도타 타라주 AA 에코펄프드 농장 직수입,12500원,코스타리카,Royal Coffee,https://royalcoffeekorea.co.kr/sub/greenbean2.htm?ptype=view&prdcode=2105200001&catcode=000000&page=8&catcode=&grp=&brand=&orderby=&searchopt=&searchkey=
코스타리카 산타 마리아 드 도타 타라주 AA 에코펄프드 농장 직수입,12500원,코스타리카,Royal Coffee,https://royalcoffeekorea.co.kr/sub/greenbean2.htm?ptype=view&prdcode=2105240003&catcode=000000&page=8&catcode=&grp=&brand=&orderby=&searchopt=&searchkey=
에디오피아 함벨라 알라카 워시드 예가체프 농장 직수입,12600원,에티오피아,Royal Coffee,https://royalcoffeekorea.co.kr/sub/greenbean2.htm?ptype=view&prdcode=1812280001&catcode=000000&page=8&catcode=&grp=&brand=&orderby=&searchopt=&searchkey=
코스타리카 핀카 로사 린다,12600원,코스타리카,Royal Coffee,https://royalcoffeekorea.co.kr/sub/greenbean2.htm?ptype=view&prdcode=2008030005&catcode=000000&page=8&catcode=&grp=&brand=&orderby=&searchopt=&searchkey=
인도네시아 플로레스 바자와 엔구라 RFA,12600원,인도네시아,Royal Coffee,https://royalcoffeekorea.co.kr/sub/greenbean2.htm?ptype=view&prdcode=2008200003&catcode=000000&page=8&catcode=&grp=&brand=&orderby=&searchopt=&searchkey=
멕시코 알투라 실테펙 핀카 산 카를로스 마라고지페,12600원,멕시코,Royal Coffee,https://royalcoffeekorea.co.kr/sub/greenbean2.htm?ptype=view&prdcode=1910010008&catcode=000000&page=9&catcode=&grp=&brand=&orderby=&searchopt=&searchkey=
에디오피아 함벨라 알라카 워시드 예가체프 농장 직수입,12600원,에티오피아,Royal Coffee,https://royalcoffeekorea.co.kr/sub/greenbean2.htm?ptype=view&prdcode=1812280001&catcode=000000&page=9&catcode=&grp=&brand=&orderby=&searchopt=&searchkey=
페루 카야마르카 산 이그나시오 아로마,12600원,페루,Royal Coffee,https://royalcoffeekorea.co.kr/sub/greenbean2.htm?ptype=view&prdcode=2105200002&catcode=000000&page=9&catcode=&grp=&brand=&orderby=&searchopt=&searchkey=
콜롬비아 카우카 엘 발콘,12700원,콜롬비아,Royal Coffee,https://royalcoffeekorea.co.kr/sub/greenbean2.htm?ptype=view&prdcode=2007270001&catcode=000000&page=9&catcode=&grp=&brand=&orderby=&searchopt=&searchkey=
페루 센프로카페,12800원,페루,Royal Coffee,https://royalcoffeekorea.co.kr/sub/greenbean2.htm?ptype=view&prdcode=1912020019&catcode=000000&page=9&catcode=&grp=&brand=&orderby=&searchopt=&searchkey=
탄자니아 인사니 AA,12900원,탄자니아,Royal Coffee,https://royalcoffeekorea.co.kr/sub/greenbean2.htm?ptype=view&prdcode=2005040026&catcode=000000&page=9&catcode=&grp=&brand=&orderby=&searchopt=&searchkey=
탄자니아 엠베야 피베리,13000원,탄자니아,Royal Coffee,https://royalcoffeekorea.co.kr/sub/greenbean2.htm?ptype=view&prdcode=2005040027&catcode=000000&page=9&catcode=&grp=&brand=&orderby=&searchopt=&searchkey=
페루 카야마르카 산 이그나시오 아로마,13200원,페루,Royal Coffee,https://royalcoffeekorea.co.kr/sub/greenbean2.htm?ptype=view&prdcode=2103290002&catcode=000000&page=9&catcode=&grp=&brand=&orderby=&searchopt=&searchkey=
브라질 만치케이라 드 미나스 내추럴 산타로사 레드 카투아이,13200원,브라질,Royal Coffee,https://royalcoffeekorea.co.kr/sub/greenbean2.htm?ptype=view&prdcode=2108250002&catcode=000000&page=9&catcode=&grp=&brand=&orderby=&searchopt=&searchkey=
콜롬비아 후일라 알리무카세스 우먼스 프로젝트 로열 셀렉트,13200원,콜롬비아,Royal Coffee,https://royalcoffeekorea.co.kr/sub/greenbean2.htm?ptype=view&prdcode=2006080006&catcode=000000&page=9&catcode=&grp=&brand=&orderby=&searchopt=&searchkey=
콜롬비아 후일라 알리무카세스 우먼스 프로젝트 로열 셀렉트,13200원,콜롬비아,Royal Coffee,https://royalcoffeekorea.co.kr/sub/greenbean2.htm?ptype=view&prdcode=2005040006&catcode=000000&page=9&catcode=&grp=&brand=&orderby=&searchopt=&searchkey=
페루 카야마르카 산 이그나시오 아로마,13200원,페루,Royal Coffee,https://royalcoffeekorea.co.kr/sub/greenbean2.htm?ptype=view&prdcode=2105200003&catcode=000000&page=9&catcode=&grp=&brand=&orderby=&searchopt=&searchkey=
파나마 보케테 코토와 마다리나 전통방식 워시드,13300원,파나마,Royal Coffee,https://royalcoffeekorea.co.kr/sub/greenbean2.htm?ptype=view&prdcode=2011020007&catcode=000000&page=9&catcode=&grp=&brand=&orderby=&searchopt=&searchkey=
파나마 보케테 루얀스 티에라 드 디오스 카투아이,13300원,파나마,Royal Coffee,https://royalcoffeekorea.co.kr/sub/greenbean2.htm?ptype=view&prdcode=2011020004&catcode=000000&page=9&catcode=&grp=&brand=&orderby=&searchopt=&searchkey=
파나마 보케테 루얀스 비스타 헤르모사 카투라,13300원,파나마,Royal Coffee,https://royalcoffeekorea.co.kr/sub/greenbean2.htm?ptype=view&prdcode=2011020005&catcode=000000&page=9&catcode=&grp=&brand=&orderby=&searchopt=&searchkey=
온두라스 램피라 산 안드레스 프란시스코 게바라,13300원,온두라스,Royal Coffee,https://royalcoffeekorea.co.kr/sub/greenbean2.htm?ptype=view&prdcode=2005040011&catcode=000000&page=9&catcode=&grp=&brand=&orderby=&searchopt=&searchkey=
브라질 만치케이라 드 미나스 내추럴 산타로사 레드 카투아이,13500원,브라질,Royal Coffee,https://royalcoffeekorea.co.kr/sub/greenbean2.htm?ptype=view&prdcode=2106150001&catcode=000000&page=9&catcode=&grp=&brand=&orderby=&searchopt=&searchkey=
니카라구아 핀카 엘 파스토랄 내추럴,13500원,니카라구아,Royal Coffee,https://royalcoffeekorea.co.kr/sub/greenbean2.htm?ptype=view&prdcode=2102040004&catcode=000000&page=9&catcode=&grp=&brand=&orderby=&searchopt=&searchkey=
니카라구아 핀카 엘 파스토랄 내추럴,13500원,니카라구아,Royal Coffee,https://royalcoffeekorea.co.kr/sub/greenbean2.htm?ptype=view&prdcode=2103260003&catcode=000000&page=9&catcode=&grp=&brand=&orderby=&searchopt=&searchkey=
인도네시아 수마트라 링통 파르페아 G1,13500원,인도네시아,Royal Coffee,https://royalcoffeekorea.co.kr/sub/greenbean2.htm?ptype=view&prdcode=2104010001&catcode=000000&page=9&catcode=&grp=&brand=&orderby=&searchopt=&searchkey=
에디오피아 첼바 내추럴 예가체프,13500원,에티오피아,Royal Coffee,https://royalcoffeekorea.co.kr/sub/greenbean2.htm?ptype=view&prdcode=1902110007&catcode=000000&page=9&catcode=&grp=&brand=&orderby=&searchopt=&searchkey=
코스타리카 도타 엘 바포르,13500원,코스타리카,Royal Coffee,https://royalcoffeekorea.co.kr/sub/greenbean2.htm?ptype=view&prdcode=2105200006&catcode=000000&page=10&catcode=&grp=&brand=&orderby=&searchopt=&searchkey=
코스타리카 도타 엘 바포르,13500원,코스타리카,Royal Coffee,https://royalcoffeekorea.co.kr/sub/greenbean2.htm?ptype=view&prdcode=2105260006&catcode=000000&page=10&catcode=&grp=&brand=&orderby=&searchopt=&searchkey=
브라질 만치케이라 드 미나스 내추럴 산타로사 레드 카투아이,13500원,브라질,Royal Coffee,https://royalcoffeekorea.co.kr/sub/greenbean2.htm?ptype=view&prdcode=2108250001&catcode=000000&page=10&catcode=&grp=&brand=&orderby=&searchopt=&searchkey=
에디오피아 첼바 내추럴 예가체프,13500원,에티오피아,Royal Coffee,https://royalcoffeekorea.co.kr/sub/greenbean2.htm?ptype=view&prdcode=1902110007&catcode=000000&page=10&catcode=&grp=&brand=&orderby=&searchopt=&searchkey=
브라질 만치케이라 드 미나스 내추럴 산타로사 레드 카투아이,13500원,브라질,Royal Coffee,https://royalcoffeekorea.co.kr/sub/greenbean2.htm?ptype=view&prdcode=2106150001&catcode=000000&page=10&catcode=&grp=&brand=&orderby=&searchopt=&searchkey=
인도네시아 수마트라 링통 파르페아 G1,13500원,인도네시아,Royal Coffee,https://royalcoffeekorea.co.kr/sub/greenbean2.htm?ptype=view&prdcode=2001090003&catcode=000000&page=10&catcode=&grp=&brand=&orderby=&searchopt=&searchkey=
에디오피아 아리차 워시드 예가체프,13600원,에티오피아,Royal Coffee,https://royalcoffeekorea.co.kr/sub/greenbean2.htm?ptype=view&prdcode=1804180001&catcode=000000&page=10&catcode=&grp=&brand=&orderby=&searchopt=&searchkey=
인도네시아 수마트라 타케공 이카 만델링 G1,13600원,인도네시아,Royal Coffee,https://royalcoffeekorea.co.kr/sub/greenbean2.htm?ptype=view&prdcode=2003310001&catcode=000000&page=10&catcode=&grp=&brand=&orderby=&searchopt=&searchkey=
에디오피아 코체레 아세파 내추럴 예가체프,13600원,에티오피아,Royal Coffee,https://royalcoffeekorea.co.kr/sub/greenbean2.htm?ptype=view&prdcode=2102260001&catcode=000000&page=10&catcode=&grp=&brand=&orderby=&searchopt=&searchkey=
에디오피아 코체레 아세파 내추럴 예가체프,13600원,에티오피아,Royal Coffee,https://royalcoffeekorea.co.kr/sub/greenbean2.htm?ptype=view&prdcode=2105120006&catcode=000000&page=10&catcode=&grp=&brand=&orderby=&searchopt=&searchkey=
인도네시아 수마트라 타케공 우타마 만델링 G1,13600원,인도네시아,Royal Coffee,https://royalcoffeekorea.co.kr/sub/greenbean2.htm?ptype=view&prdcode=1907010017&catcode=000000&page=10&catcode=&grp=&brand=&orderby=&searchopt=&searchkey=
과테말라 벨라 카르모나 안티구아 농장 직수입,13700원,과테말라,Royal Coffee,https://royalcoffeekorea.co.kr/sub/greenbean2.htm?ptype=view&prdcode=1803140001&catcode=000000&page=10&catcode=&grp=&brand=&orderby=&searchopt=&searchkey=
과테말라 벨라 카르모나 안티구아 농장 직수입,13700원,과테말라,Royal Coffee,https://royalcoffeekorea.co.kr/sub/greenbean2.htm?ptype=view&prdcode=2104140003&catcode=000000&page=10&catcode=&grp=&brand=&orderby=&searchopt=&searchkey=
과테말라 벨라 카르모나 안티구아 농장 직수입,13700원,과테말라,Royal Coffee,https://royalcoffeekorea.co.kr/sub/greenbean2.htm?ptype=view&prdcode=2109020001&catcode=000000&page=10&catcode=&grp=&brand=&orderby=&searchopt=&searchkey=
에디오피아 구지 아르소사 내추럴 시다모,13800원,에티오피아,Royal Coffee,https://royalcoffeekorea.co.kr/sub/greenbean2.htm?ptype=view&prdcode=2102040007&catcode=000000&page=10&catcode=&grp=&brand=&orderby=&searchopt=&searchkey=
과테말라 안티구아 핀카 메디나 SHB EP 농장 직수입,13800원,과테말라,Royal Coffee,https://royalcoffeekorea.co.kr/sub/greenbean2.htm?ptype=view&prdcode=2011050002&catcode=000000&page=10&catcode=&grp=&brand=&orderby=&searchopt=&searchkey=
과테말라 안티구아 핀카 메디나 SHB EP 농장 직수입,13800원,과테말라,Royal Coffee,https://royalcoffeekorea.co.kr/sub/greenbean2.htm?ptype=view&prdcode=2011020002&catcode=000000&page=10&catcode=&grp=&brand=&orderby=&searchopt=&searchkey=
인도네시아 수마트라 케린치 G1,13900원,인도네시아,Royal Coffee,https://royalcoffeekorea.co.kr/sub/greenbean2.htm?ptype=view&prdcode=2004160012&catcode=000000&page=10&catcode=&grp=&brand=&orderby=&searchopt=&searchkey=
콜롬비아 후일라 라 아마포리타 존 프레디 로드리게즈 로열 셀렉트,13900원,콜롬비아,Royal Coffee,https://royalcoffeekorea.co.kr/sub/greenbean2.htm?ptype=view&prdcode=2001070012&catcode=000000&page=10&catcode=&grp=&brand=&orderby=&searchopt=&searchkey=
인도네시아 수마트라 케린치 G1,13900원,인도네시아,Royal Coffee,https://royalcoffeekorea.co.kr/sub/greenbean2.htm?ptype=view&prdcode=2001090004&catcode=000000&page=10&catcode=&grp=&brand=&orderby=&searchopt=&searchkey=
에디오피아 함벨라 압둘메자드 내추럴 예가체프,13900원,에티오피아,Royal Coffee,https://royalcoffeekorea.co.kr/sub/greenbean2.htm?ptype=view&prdcode=2102260005&catcode=000000&page=10&catcode=&grp=&brand=&orderby=&searchopt=&searchkey=
인도네시아 수마트라 케린치 G1,13900원,인도네시아,Royal Coffee,https://royalcoffeekorea.co.kr/sub/greenbean2.htm?ptype=view&prdcode=2004160012&catcode=000000&page=11&catcode=&grp=&brand=&orderby=&searchopt=&searchkey=
콜롬비아 후일라 라 아마포리타 존 프레디 로드리게즈 로열 셀렉트,13900원,콜롬비아,Royal Coffee,https://royalcoffeekorea.co.kr/sub/greenbean2.htm?ptype=view&prdcode=2001070012&catcode=000000&page=11&catcode=&grp=&brand=&orderby=&searchopt=&searchkey=
인도네시아 수마트라 케린치 G1,13900원,인도네시아,Royal Coffee,https://royalcoffeekorea.co.kr/sub/greenbean2.htm?ptype=view&prdcode=2001090004&catcode=000000&page=11&catcode=&grp=&brand=&orderby=&searchopt=&searchkey=
에디오피아 + 예맨 레드씨 블랜드,14000원,에티오피아,Royal Coffee,https://royalcoffeekorea.co.kr/sub/greenbean2.htm?ptype=view&prdcode=1805020001&catcode=000000&page=11&catcode=&grp=&brand=&orderby=&searchopt=&searchkey=
에디오피아 이디도 내추럴 예가체프,14100원,에티오피아,Royal Coffee,https://royalcoffeekorea.co.kr/sub/greenbean2.htm?ptype=view&prdcode=1901020002&catcode=000000&page=11&catcode=&grp=&brand=&orderby=&searchopt=&searchkey=
에디오피아 함벨라 압둘메자드 내추럴 예가체프,14200원,에티오피아,Royal Coffee,https://royalcoffeekorea.co.kr/sub/greenbean2.htm?ptype=view&prdcode=2105120004&catcode=000000&page=11&catcode=&grp=&brand=&orderby=&searchopt=&searchkey=
콜롬비아 톨리마 프라나다스 아세베도 고메즈,14300원,콜롬비아,Royal Coffee,https://royalcoffeekorea.co.kr/sub/greenbean2.htm?ptype=view&prdcode=2004010001&catcode=000000&page=11&catcode=&grp=&brand=&orderby=&searchopt=&searchkey=
에디오피아 구지 아쉐나피 내추럴 시다모,14400원,에티오피아,Royal Coffee,https://royalcoffeekorea.co.kr/sub/greenbean2.htm?ptype=view&prdcode=2102260003&catcode=000000&page=11&catcode=&grp=&brand=&orderby=&searchopt=&searchkey=
에디오피아 구지 아쉐나피 내추럴 시다모,14400원,에티오피아,Royal Coffee,https://royalcoffeekorea.co.kr/sub/greenbean2.htm?ptype=view&prdcode=2105110003&catcode=000000&page=11&catcode=&grp=&brand=&orderby=&searchopt=&searchkey=
콜롬비아 후일라 후투라 살로몬 아르툰두아가,14500원,콜롬비아,Royal Coffee,https://royalcoffeekorea.co.kr/sub/greenbean2.htm?ptype=view&prdcode=1905160004&catcode=000000&page=11&catcode=&grp=&brand=&orderby=&searchopt=&searchkey=
콜롬비아 후일라 빌라 헤르모사 알프레도 고메즈,14500원,콜롬비아,Royal Coffee,https://royalcoffeekorea.co.kr/sub/greenbean2.htm?ptype=view&prdcode=1906030001&catcode=000000&page=11&catcode=&grp=&brand=&orderby=&searchopt=&searchkey=
인도네시아 발리 킨타마니,14500원,인도네시아,Royal Coffee,https://royalcoffeekorea.co.kr/sub/greenbean2.htm?ptype=view&prdcode=1712260003&catcode=000000&page=11&catcode=&grp=&brand=&orderby=&searchopt=&searchkey=
인도네시아 슬라웨시 토라자 스판 미난가 G1,14500원,인도네시아,Royal Coffee,https://royalcoffeekorea.co.kr/sub/greenbean2.htm?ptype=view&prdcode=2001090001&catcode=000000&page=11&catcode=&grp=&brand=&orderby=&searchopt=&searchkey=
인도네시아 슬라웨시 토라자 스판 미난가 G1,14500원,인도네시아,Royal Coffee,https://royalcoffeekorea.co.kr/sub/greenbean2.htm?ptype=view&prdcode=2004160008&catcode=000000&page=11&catcode=&grp=&brand=&orderby=&searchopt=&searchkey=
인도네시아 수마트라 베네르 메리아 만델링 G1,14500원,인도네시아,Royal Coffee,https://royalcoffeekorea.co.kr/sub/greenbean2.htm?ptype=view&prdcode=1812040004&catcode=000000&page=11&catcode=&grp=&brand=&orderby=&searchopt=&searchkey=
멕시코 에스메랄다 내추럴 슈가케인 추출방식,14500원,멕시코,Royal Coffee,https://royalcoffeekorea.co.kr/sub/greenbean2.htm?ptype=view&prdcode=1901290012&catcode=000000&page=11&catcode=&grp=&brand=&orderby=&searchopt=&searchkey=
브룬디 우부토 카루지,14600원,브룬디,Royal Coffee,https://royalcoffeekorea.co.kr/sub/greenbean2.htm?ptype=view&prdcode=2104060003&catcode=000000&page=11&catcode=&grp=&brand=&orderby=&searchopt=&searchkey=
에디오피아 구지 내추럴 케르챠,14600원,에티오피아,Royal Coffee,https://royalcoffeekorea.co.kr/sub/greenbean2.htm?ptype=view&prdcode=2105270001&catcode=000000&page=11&catcode=&grp=&brand=&orderby=&searchopt=&searchkey=
브룬디 우부토 카루지,14600원,브룬디,Royal Coffee,https://royalcoffeekorea.co.kr/sub/greenbean2.htm?ptype=view&prdcode=2104270002&catcode=000000&page=11&catcode=&grp=&brand=&orderby=&searchopt=&searchkey=
과테말라 엘 리모나르 휴휴테낭고,14700원,과테말라,Royal Coffee,https://royalcoffeekorea.co.kr/sub/greenbean2.htm?ptype=view&prdcode=2109160002&catcode=000000&page=11&catcode=&grp=&brand=&orderby=&searchopt=&searchkey=
과테말라 엘 리모나르 휴휴테낭고,14700원,과테말라,Royal Coffee,https://royalcoffeekorea.co.kr/sub/greenbean2.htm?ptype=view&prdcode=2109160003&catcode=000000&page=11&catcode=&grp=&brand=&orderby=&searchopt=&searchkey=
과테말라 엘 리모나르 휴휴테낭고,14700원,과테말라,Royal Coffee,https://royalcoffeekorea.co.kr/sub/greenbean2.htm?ptype=view&prdcode=2109160002&catcode=000000&page=12&catcode=&grp=&brand=&orderby=&searchopt=&searchkey=
과테말라 엘 리모나르 휴휴테낭고,14700원,과테말라,Royal Coffee,https://royalcoffeekorea.co.kr/sub/greenbean2.htm?ptype=view&prdcode=2109160003&catcode=000000&page=12&catcode=&grp=&brand=&orderby=&searchopt=&searchkey=
인도네시아 플로레스 왕가와리 레드체리 RFA,14700원,인도네시아,Royal Coffee,https://royalcoffeekorea.co.kr/sub/greenbean2.htm?ptype=view&prdcode=1901280018&catcode=000000&page=12&catcode=&grp=&brand=&orderby=&searchopt=&searchkey=
에디오피아 볼로두 내추럴 예가체프,14800원,에티오피아,Royal Coffee,https://royalcoffeekorea.co.kr/sub/greenbean2.htm?ptype=view&prdcode=1909260002&catcode=000000&page=12&catcode=&grp=&brand=&orderby=&searchopt=&searchkey=
과테말라 아나카페 카톨체 SHB EP,14800원,과테말라,Royal Coffee,https://royalcoffeekorea.co.kr/sub/greenbean2.htm?ptype=view&prdcode=2108170005&catcode=000000&page=12&catcode=&grp=&brand=&orderby=&searchopt=&searchkey=
멕시코 치아파스 그라포스 알투라 Fair Trade Organic HG EP,14900원,멕시코,Royal Coffee,https://royalcoffeekorea.co.kr/sub/greenbean2.htm?ptype=view&prdcode=2108170004&catcode=000000&page=12&catcode=&grp=&brand=&orderby=&searchopt=&searchkey=
콜롬비아 후일라 이귀라 엘리자베스 세퀘르 트루힐로,15000원,콜롬비아,Royal Coffee,https://royalcoffeekorea.co.kr/sub/greenbean2.htm?ptype=view&prdcode=2001210002&catcode=000000&page=12&catcode=&grp=&brand=&orderby=&searchopt=&searchkey=
콜롬비아 후일라 이귀라 엘리자베스 세퀘르 트루힐로,15000원,콜롬비아,Royal Coffee,https://royalcoffeekorea.co.kr/sub/greenbean2.htm?ptype=view&prdcode=1912020006&catcode=000000&page=12&catcode=&grp=&brand=&orderby=&searchopt=&searchkey=
에디오피아 콩가 내추럴 예가체프 G3,15000원,에티오피아,Royal Coffee,https://royalcoffeekorea.co.kr/sub/greenbean2.htm?ptype=view&prdcode=1902110009&catcode=000000&page=12&catcode=&grp=&brand=&orderby=&searchopt=&searchkey=
인도네시아 자바 카유마스 파머스 레드체리,15100원,인도네시아,Royal Coffee,https://royalcoffeekorea.co.kr/sub/greenbean2.htm?ptype=view&prdcode=1812310001&catcode=000000&page=12&catcode=&grp=&brand=&orderby=&searchopt=&searchkey=
콜롬비아 후일라 팔레스티나 AA 로열 셀렉트,15300원,콜롬비아,Royal Coffee,https://royalcoffeekorea.co.kr/sub/greenbean2.htm?ptype=view&prdcode=2006010011&catcode=000000&page=12&catcode=&grp=&brand=&orderby=&searchopt=&searchkey=
콜롬비아 후일라 팔레르모 게르만 곤잘레즈 카스타네다 로열 셀렉트,15300원,콜롬비아,Royal Coffee,https://royalcoffeekorea.co.kr/sub/greenbean2.htm?ptype=view&prdcode=2002030038&catcode=000000&page=12&catcode=&grp=&brand=&orderby=&searchopt=&searchkey=
콜롬비아 카우카 엘 탐보 AA 로열 셀렉트,15300원,콜롬비아,Royal Coffee,https://royalcoffeekorea.co.kr/sub/greenbean2.htm?ptype=view&prdcode=1912020010&catcode=000000&page=12&catcode=&grp=&brand=&orderby=&searchopt=&searchkey=
콜롬비아 후일라 이귀라 에두아도 아나코나 로열 셀렉트,15300원,콜롬비아,Royal Coffee,https://royalcoffeekorea.co.kr/sub/greenbean2.htm?ptype=view&prdcode=1912020007&catcode=000000&page=12&catcode=&grp=&brand=&orderby=&searchopt=&searchkey=
에디오피아 퀸시티 하라 내추럴,15300원,에티오피아,Royal Coffee,https://royalcoffeekorea.co.kr/sub/greenbean2.htm?ptype=view&prdcode=2109230004&catcode=000000&page=12&catcode=&grp=&brand=&orderby=&searchopt=&searchkey=
콜롬비아 카우카 칼도노 AA 로열 셀렉트,15300원,콜롬비아,Royal Coffee,https://royalcoffeekorea.co.kr/sub/greenbean2.htm?ptype=view&prdcode=1912020009&catcode=000000&page=12&catcode=&grp=&brand=&orderby=&searchopt=&searchkey=
인도네시아 발리 킨타마니 내추럴 RFA,15500원,인도네시아,Royal Coffee,https://royalcoffeekorea.co.kr/sub/greenbean2.htm?ptype=view&prdcode=2003020001&catcode=000000&page=12&catcode=&grp=&brand=&orderby=&searchopt=&searchkey=
에디오피아 퀸시티 하라 내추럴,15600원,에티오피아,Royal Coffee,https://royalcoffeekorea.co.kr/sub/greenbean2.htm?ptype=view&prdcode=2109230003&catcode=000000&page=12&catcode=&grp=&brand=&orderby=&searchopt=&searchkey=
과테말라 안티구아 우나뿌,15600원,과테말라,Royal Coffee,https://royalcoffeekorea.co.kr/sub/greenbean2.htm?ptype=view&prdcode=2008030002&catcode=000000&page=12&catcode=&grp=&brand=&orderby=&searchopt=&searchkey=
과테말라 안티구아 우나뿌,15600원,과테말라,Royal Coffee,https://royalcoffeekorea.co.kr/sub/greenbean2.htm?ptype=view&prdcode=2008250001&catcode=000000&page=12&catcode=&grp=&brand=&orderby=&searchopt=&searchkey=
에디오피아 퀸시티 하라 내추럴,15600원,에티오피아,Royal Coffee,https://royalcoffeekorea.co.kr/sub/greenbean2.htm?ptype=view&prdcode=2109230002&catcode=000000&page=12&catcode=&grp=&brand=&orderby=&searchopt=&searchkey=
브룬디 무루타 내추럴,15900원,브룬디,Royal Coffee,https://royalcoffeekorea.co.kr/sub/greenbean2.htm?ptype=view&prdcode=2006290002&catcode=000000&page=13&catcode=&grp=&brand=&orderby=&searchopt=&searchkey=
콜롬비아 프랑코 로페즈,15900원,콜롬비아,Royal Coffee,https://royalcoffeekorea.co.kr/sub/greenbean2.htm?ptype=view&prdcode=1712150001&catcode=000000&page=13&catcode=&grp=&brand=&orderby=&searchopt=&searchkey=
에디오피아 구지 라요 테라가 내추럴 시다모,16000원,에티오피아,Royal Coffee,https://royalcoffeekorea.co.kr/sub/greenbean2.htm?ptype=view&prdcode=2008030016&catcode=000000&page=13&catcode=&grp=&brand=&orderby=&searchopt=&searchkey=
브라질 술데미나스 포코펀도 내추럴,16000원,브라질,Royal Coffee,https://royalcoffeekorea.co.kr/sub/greenbean2.htm?ptype=view&prdcode=2008310002&catcode=000000&page=13&catcode=&grp=&brand=&orderby=&searchopt=&searchkey=
브라질 술데미나스 포코펀도 내추럴,16000원,브라질,Royal Coffee,https://royalcoffeekorea.co.kr/sub/greenbean2.htm?ptype=view&prdcode=2010120001&catcode=000000&page=13&catcode=&grp=&brand=&orderby=&searchopt=&searchkey=
탄소침용 방식탄자니아 엔고론고로 피나그로 탄소침용 방식,16100원,탄소침용,Royal Coffee,https://royalcoffeekorea.co.kr/sub/greenbean2.htm?ptype=view&prdcode=2005040029&catcode=000000&page=13&catcode=&grp=&brand=&orderby=&searchopt=&searchkey=
케냐 AA 농장 직수입,16200원,케냐,Royal Coffee,https://royalcoffeekorea.co.kr/sub/greenbean2.htm?ptype=view&prdcode=2106080001&catcode=000000&page=13&catcode=&grp=&brand=&orderby=&searchopt=&searchkey=
케냐 AA 농장 직수입,16200원,케냐,Royal Coffee,https://royalcoffeekorea.co.kr/sub/greenbean2.htm?ptype=view&prdcode=2104290003&catcode=000000&page=13&catcode=&grp=&brand=&orderby=&searchopt=&searchkey=
에디오피아 리무 테가 & 툴라,16200원,에티오피아,Royal Coffee,https://royalcoffeekorea.co.kr/sub/greenbean2.htm?ptype=view&prdcode=2005040016&catcode=000000&page=13&catcode=&grp=&brand=&orderby=&searchopt=&searchkey=
에디오피아 하푸사 내추럴 예가체프,16300원,에티오피아,Royal Coffee,https://royalcoffeekorea.co.kr/sub/greenbean2.htm?ptype=view&prdcode=1712120007&catcode=000000&page=13&catcode=&grp=&brand=&orderby=&searchopt=&searchkey=
과테말라 안티구아 플로렌시아,16400원,과테말라,Royal Coffee,https://royalcoffeekorea.co.kr/sub/greenbean2.htm?ptype=view&prdcode=2008030003&catcode=000000&page=13&catcode=&grp=&brand=&orderby=&searchopt=&searchkey=
과테말라 안티구아 플로렌시아,16400원,과테말라,Royal Coffee,https://royalcoffeekorea.co.kr/sub/greenbean2.htm?ptype=view&prdcode=2008250002&catcode=000000&page=13&catcode=&grp=&brand=&orderby=&searchopt=&searchkey=
페루 산 이그나시오 핀카 라 코이파 위로지아,16400원,페루,Royal Coffee,https://royalcoffeekorea.co.kr/sub/greenbean2.htm?ptype=view&prdcode=1912020021&catcode=000000&page=13&catcode=&grp=&brand=&orderby=&searchopt=&searchkey=
인도네시아 수마트라 카라야 만디라 디카페인,16500원,인도네시아,Royal Coffee,https://royalcoffeekorea.co.kr/sub/greenbean2.htm?ptype=view&prdcode=2103050020&catcode=000000&page=13&catcode=&grp=&brand=&orderby=&searchopt=&searchkey=
에디오피아 게데오 제밀라 내추럴 예가체프,16500원,에티오피아,Royal Coffee,https://royalcoffeekorea.co.kr/sub/greenbean2.htm?ptype=view&prdcode=2102260004&catcode=000000&page=13&catcode=&grp=&brand=&orderby=&searchopt=&searchkey=
에디오피아 게데오 제밀라 내추럴 예가체프,16500원,에티오피아,Royal Coffee,https://royalcoffeekorea.co.kr/sub/greenbean2.htm?ptype=view&prdcode=2105120002&catcode=000000&page=13&catcode=&grp=&brand=&orderby=&searchopt=&searchkey=
에디오피아 훈쿠테 워시드 시다모,16500원,에티오피아,Royal Coffee,https://royalcoffeekorea.co.kr/sub/greenbean2.htm?ptype=view&prdcode=2109280002&catcode=000000&page=13&catcode=&grp=&brand=&orderby=&searchopt=&searchkey=
에디오피아 게뎁 방코 첼첼레 내추럴 예가체프,16700원,에티오피아,Royal Coffee,https://royalcoffeekorea.co.kr/sub/greenbean2.htm?ptype=view&prdcode=1902110003&catcode=000000&page=13&catcode=&grp=&brand=&orderby=&searchopt=&searchkey=
브룬디 바비웨이 내추럴,16700원,브룬디,Royal Coffee,https://royalcoffeekorea.co.kr/sub/greenbean2.htm?ptype=view&prdcode=2104060001&catcode=000000&page=13&catcode=&grp=&brand=&orderby=&searchopt=&searchkey=
브룬디 바비웨이 내추럴,16700원,브룬디,Royal Coffee,https://royalcoffeekorea.co.kr/sub/greenbean2.htm?ptype=view&prdcode=2104270003&catcode=000000&page=13&catcode=&grp=&brand=&orderby=&searchopt=&searchkey=
에디오피아 게뎁 워커 사카로 내추럴 예가체프,16700원,에티오피아,Royal Coffee,https://royalcoffeekorea.co.kr/sub/greenbean2.htm?ptype=view&prdcode=1902110005&catcode=000000&page=13&catcode=&grp=&brand=&orderby=&searchopt=&searchkey=
에디오피아 훈쿠테 워시드 시다모,16800원,에티오피아,Royal Coffee,https://royalcoffeekorea.co.kr/sub/greenbean2.htm?ptype=view&prdcode=2109280004&catcode=000000&page=14&catcode=&grp=&brand=&orderby=&searchopt=&searchkey=
에디오피아 훈쿠테 워시드 시다모,16800원,에티오피아,Royal Coffee,https://royalcoffeekorea.co.kr/sub/greenbean2.htm?ptype=view&prdcode=2109280003&catcode=000000&page=14&catcode=&grp=&brand=&orderby=&searchopt=&searchkey=
에디오피아 두메르소 내추럴 예가체프,16900원,에티오피아,Royal Coffee,https://royalcoffeekorea.co.kr/sub/greenbean2.htm?ptype=view&prdcode=1902110008&catcode=000000&page=14&catcode=&grp=&brand=&orderby=&searchopt=&searchkey=
콜롬비아 보야카 마리아 오로라 수아레즈 로열 셀렉트,16900원,콜롬비아,Royal Coffee,https://royalcoffeekorea.co.kr/sub/greenbean2.htm?ptype=view&prdcode=1912030001&catcode=000000&page=14&catcode=&grp=&brand=&orderby=&searchopt=&searchkey=
코스타리카 핀카 라 만자나 산 마틴 타라주,16900원,코스타리카,Royal Coffee,https://royalcoffeekorea.co.kr/sub/greenbean2.htm?ptype=view&prdcode=2008030006&catcode=000000&page=14&catcode=&grp=&brand=&orderby=&searchopt=&searchkey=
콜롬비아 보야카 마옐리 와즈민 로드리게즈 부이타르고 로열 셀렉트,16900원,콜롬비아,Royal Coffee,https://royalcoffeekorea.co.kr/sub/greenbean2.htm?ptype=view&prdcode=1912020004&catcode=000000&page=14&catcode=&grp=&brand=&orderby=&searchopt=&searchkey=
코스타리카 핀카 엘 카뷰옐 라 오르티가 타라주,16900원,코스타리카,Royal Coffee,https://royalcoffeekorea.co.kr/sub/greenbean2.htm?ptype=view&prdcode=2008030007&catcode=000000&page=14&catcode=&grp=&brand=&orderby=&searchopt=&searchkey=
콜롬비아 나리노 라 미나 프랑코 로페즈 카투라 로열 셀렉트,16900원,콜롬비아,Royal Coffee,https://royalcoffeekorea.co.kr/sub/greenbean2.htm?ptype=view&prdcode=1912020002&catcode=000000&page=14&catcode=&grp=&brand=&orderby=&searchopt=&searchkey=
코스타리카 핀카 라 만자나 산 마틴 타라주,16900원,코스타리카,Royal Coffee,https://royalcoffeekorea.co.kr/sub/greenbean2.htm?ptype=view&prdcode=2008260003&catcode=000000&page=14&catcode=&grp=&brand=&orderby=&searchopt=&searchkey=
코스타리카 핀카 엘 카뷰옐 라 오르티가 타라주,16900원,코스타리카,Royal Coffee,https://royalcoffeekorea.co.kr/sub/greenbean2.htm?ptype=view&prdcode=2008260005&catcode=000000&page=14&catcode=&grp=&brand=&orderby=&searchopt=&searchkey=
에디오피아 워커 내추럴 예가체프,16900원,에티오피아,Royal Coffee,https://royalcoffeekorea.co.kr/sub/greenbean2.htm?ptype=view&prdcode=2105260001&catcode=000000&page=14&catcode=&grp=&brand=&orderby=&searchopt=&searchkey=
콜롬비아 나리노 라 미나 프랑코 로페즈 카투라 로열 셀렉트,16900원,콜롬비아,Royal Coffee,https://royalcoffeekorea.co.kr/sub/greenbean2.htm?ptype=view&prdcode=2104140001&catcode=000000&page=14&catcode=&grp=&brand=&orderby=&searchopt=&searchkey=
에디오피아 두메르소 내추럴 예가체프,16900원,에티오피아,Royal Coffee,https://royalcoffeekorea.co.kr/sub/greenbean2.htm?ptype=view&prdcode=2106280002&catcode=000000&page=14&catcode=&grp=&brand=&orderby=&searchopt=&searchkey=
에디오피아 방코 다다토 내추럴 예가체프,16900원,에티오피아,Royal Coffee,https://royalcoffeekorea.co.kr/sub/greenbean2.htm?ptype=view&prdcode=1909260001&catcode=000000&page=14&catcode=&grp=&brand=&orderby=&searchopt=&searchkey=
에디오피아 워커 내추럴 예가체프,16900원,에티오피아,Royal Coffee,https://royalcoffeekorea.co.kr/sub/greenbean2.htm?ptype=view&prdcode=1912020026&catcode=000000&page=14&catcode=&grp=&brand=&orderby=&searchopt=&searchkey=
콜롬비아 나리노 라 미나 프랑코 로페즈 카투라 로열 셀렉트,16900원,콜롬비아,Royal Coffee,https://royalcoffeekorea.co.kr/sub/greenbean2.htm?ptype=view&prdcode=2001150004&catcode=000000&page=14&catcode=&grp=&brand=&orderby=&searchopt=&searchkey=
에디오피아 게뎁 워커 첼베사 내추럴 예가체프,17000원,에티오피아,Royal Coffee,https://royalcoffeekorea.co.kr/sub/greenbean2.htm?ptype=view&prdcode=1902110004&catcode=000000&page=14&catcode=&grp=&brand=&orderby=&searchopt=&searchkey=
인도네시아 만델링 슈가케인 추출방식,17200원,인도네시아,Royal Coffee,https://royalcoffeekorea.co.kr/sub/greenbean2.htm?ptype=view&prdcode=2006290008&catcode=000000&page=14&catcode=&grp=&brand=&orderby=&searchopt=&searchkey=
콜롬비아 나리뇨 라스 프루타스 이중 발효,17200원,콜롬비아,Royal Coffee,https://royalcoffeekorea.co.kr/sub/greenbean2.htm?ptype=view&prdcode=2103190001&catcode=000000&page=14&catcode=&grp=&brand=&orderby=&searchopt=&searchkey=
콜롬비아 나리노 산 안토니오 닐슨 로페즈 카투라 로열 셀렉트,17200원,콜롬비아,Royal Coffee,https://royalcoffeekorea.co.kr/sub/greenbean2.htm?ptype=view&prdcode=1912020001&catcode=000000&page=14&catcode=&grp=&brand=&orderby=&searchopt=&searchkey=
코스타리카 아미스타드,17200원,코스타리카,Royal Coffee,https://royalcoffeekorea.co.kr/sub/greenbean2.htm?ptype=view&prdcode=2103040003&catcode=000000&page=14&catcode=&grp=&brand=&orderby=&searchopt=&searchkey=
코스타리카 아미스타드,17200원,코스타리카,Royal Coffee,https://royalcoffeekorea.co.kr/sub/greenbean2.htm?ptype=view&prdcode=2104060005&catcode=000000&page=15&catcode=&grp=&brand=&orderby=&searchopt=&searchkey=
콜롬비아 나리노 산 안토니오 닐슨 로페즈 카투라 로열 셀렉트,17200원,콜롬비아,Royal Coffee,https://royalcoffeekorea.co.kr/sub/greenbean2.htm?ptype=view&prdcode=2008240005&catcode=000000&page=15&catcode=&grp=&brand=&orderby=&searchopt=&searchkey=
콜롬비아 나리뇨 라스 프루타스 이중 발효,17200원,콜롬비아,Royal Coffee,https://royalcoffeekorea.co.kr/sub/greenbean2.htm?ptype=view&prdcode=2102040001&catcode=000000&page=15&catcode=&grp=&brand=&orderby=&searchopt=&searchkey=
콜롬비아 나리노 산 안토니오 닐슨 로페즈 카투라 로열 셀렉트,17200원,콜롬비아,Royal Coffee,https://royalcoffeekorea.co.kr/sub/greenbean2.htm?ptype=view&prdcode=2001150003&catcode=000000&page=15&catcode=&grp=&brand=&orderby=&searchopt=&searchkey=
페루 타바코나스 핀카 라스 메르세데스 페드로 콘데소,17300원,페루,Royal Coffee,https://royalcoffeekorea.co.kr/sub/greenbean2.htm?ptype=view&prdcode=1912020022&catcode=000000&page=15&catcode=&grp=&brand=&orderby=&searchopt=&searchkey=
에디오피아 보카소 내추럴 시다모,17300원,에티오피아,Royal Coffee,https://royalcoffeekorea.co.kr/sub/greenbean2.htm?ptype=view&prdcode=2008030017&catcode=000000&page=15&catcode=&grp=&brand=&orderby=&searchopt=&searchkey=
에디오피아 페로 내추럴 시다모,17300원,에티오피아,Royal Coffee,https://royalcoffeekorea.co.kr/sub/greenbean2.htm?ptype=view&prdcode=2008030018&catcode=000000&page=15&catcode=&grp=&brand=&orderby=&searchopt=&searchkey=
인도네시아 슬라웨시 토알코 자야 피베리,17400원,인도네시아,Royal Coffee,https://royalcoffeekorea.co.kr/sub/greenbean2.htm?ptype=view&prdcode=1704030004&catcode=000000&page=15&catcode=&grp=&brand=&orderby=&searchopt=&searchkey=
페루 타바코나스 사티포 핀카 타스타,17400원,페루,Royal Coffee,https://royalcoffeekorea.co.kr/sub/greenbean2.htm?ptype=view&prdcode=1912020023&catcode=000000&page=15&catcode=&grp=&brand=&orderby=&searchopt=&searchkey=
콜롬비아 히포리토 마르티네스 (9월 입고 예정),17500원,콜롬비아,Royal Coffee,https://royalcoffeekorea.co.kr/sub/greenbean2.htm?ptype=view&prdcode=2108170013&catcode=000000&page=15&catcode=&grp=&brand=&orderby=&searchopt=&searchkey=
콜롬비아 보야카 빅토르 리보리오 로열 셀렉트,17500원,콜롬비아,Royal Coffee,https://royalcoffeekorea.co.kr/sub/greenbean2.htm?ptype=view&prdcode=2005250002&catcode=000000&page=15&catcode=&grp=&brand=&orderby=&searchopt=&searchkey=
코스타리카 라 로카,17800원,코스타리카,Royal Coffee,https://royalcoffeekorea.co.kr/sub/greenbean2.htm?ptype=view&prdcode=2103300002&catcode=000000&page=15&catcode=&grp=&brand=&orderby=&searchopt=&searchkey=
코스타리카 라 로카,17800원,코스타리카,Royal Coffee,https://royalcoffeekorea.co.kr/sub/greenbean2.htm?ptype=view&prdcode=2103040005&catcode=000000&page=15&catcode=&grp=&brand=&orderby=&searchopt=&searchkey=
에디오피아 방코 고티티 다니엘 미야네 워시드,17900원,에티오피아,Royal Coffee,https://royalcoffeekorea.co.kr/sub/greenbean2.htm?ptype=view&prdcode=2104260002&catcode=000000&page=15&catcode=&grp=&brand=&orderby=&searchopt=&searchkey=
에디오피아 함벨라 키리테 워시드,17900원,에티오피아,Royal Coffee,https://royalcoffeekorea.co.kr/sub/greenbean2.htm?ptype=view&prdcode=2104260004&catcode=000000&page=15&catcode=&grp=&brand=&orderby=&searchopt=&searchkey=
에디오피아 방코 고티티 다니엘 미야네 워시드,17900원,에티오피아,Royal Coffee,https://royalcoffeekorea.co.kr/sub/greenbean2.htm?ptype=view&prdcode=2106300002&catcode=000000&page=15&catcode=&grp=&brand=&orderby=&searchopt=&searchkey=
에디오피아 아리차 스페셜 워시드 예가체프,18000원,에티오피아,Royal Coffee,https://royalcoffeekorea.co.kr/sub/greenbean2.htm?ptype=view&prdcode=2008030019&catcode=000000&page=15&catcode=&grp=&brand=&orderby=&searchopt=&searchkey=
콜롬비아 후일라 아구아줄 핑크 버번,18000원,콜롬비아,Royal Coffee,https://royalcoffeekorea.co.kr/sub/greenbean2.htm?ptype=view&prdcode=2103190002&catcode=000000&page=15&catcode=&grp=&brand=&orderby=&searchopt=&searchkey=
콜롬비아 후일라 아구아줄 핑크 버번,18000원,콜롬비아,Royal Coffee,https://royalcoffeekorea.co.kr/sub/greenbean2.htm?ptype=view&prdcode=2102040002&catcode=000000&page=15&catcode=&grp=&brand=&orderby=&searchopt=&searchkey=
코스타리카 돈 오스카,18000원,코스타리카,Royal Coffee,https://royalcoffeekorea.co.kr/sub/greenbean2.htm?ptype=view&prdcode=2103300001&catcode=000000&page=15&catcode=&grp=&brand=&orderby=&searchopt=&searchkey=
코스타리카 돈 오스카,18000원,코스타리카,Royal Coffee,https://royalcoffeekorea.co.kr/sub/greenbean2.htm?ptype=view&prdcode=2103040006&catcode=000000&page=15&catcode=&grp=&brand=&orderby=&searchopt=&searchkey=
엘살바도르 핀카 엘 과루멜 내추럴,18200원,엘살바도르,Royal Coffee,https://royalcoffeekorea.co.kr/sub/greenbean2.htm?ptype=view&prdcode=2109100003&catcode=000000&page=16&catcode=&grp=&brand=&orderby=&searchopt=&searchkey=
에디오피아 함벨라 키리테 워시드,18200원,에티오피아,Royal Coffee,https://royalcoffeekorea.co.kr/sub/greenbean2.htm?ptype=view&prdcode=2106300001&catcode=000000&page=16&catcode=&grp=&brand=&orderby=&searchopt=&searchkey=
엘살바도르 핀카 엘 과루멜 내추럴,18200원,엘살바도르,Royal Coffee,https://royalcoffeekorea.co.kr/sub/greenbean2.htm?ptype=view&prdcode=2109270001&catcode=000000&page=16&catcode=&grp=&brand=&orderby=&searchopt=&searchkey=
콜롬비아 후일라 미스티코 장 시간 발효,18500원,콜롬비아,Royal Coffee,https://royalcoffeekorea.co.kr/sub/greenbean2.htm?ptype=view&prdcode=2103050017&catcode=000000&page=16&catcode=&grp=&brand=&orderby=&searchopt=&searchkey=
콜롬비아 후일라 뇨오라 세풀베다 드 잠브라노 내추럴,18500원,콜롬비아,Royal Coffee,https://royalcoffeekorea.co.kr/sub/greenbean2.htm?ptype=view&prdcode=2103190003&catcode=000000&page=16&catcode=&grp=&brand=&orderby=&searchopt=&searchkey=
콜롬비아 후일라 뇨오라 세풀베다 드 잠브라노 내추럴,18500원,콜롬비아,Royal Coffee,https://royalcoffeekorea.co.kr/sub/greenbean2.htm?ptype=view&prdcode=2102040003&catcode=000000&page=16&catcode=&grp=&brand=&orderby=&searchopt=&searchkey=
콜롬비아 후일라 미스티코 장 시간 발효,18500원,콜롬비아,Royal Coffee,https://royalcoffeekorea.co.kr/sub/greenbean2.htm?ptype=view&prdcode=2104060004&catcode=000000&page=16&catcode=&grp=&brand=&orderby=&searchopt=&searchkey=
에디오피아 지뎁 첼첼레 스페셜 워시드 예가체프,18500원,에티오피아,Royal Coffee,https://royalcoffeekorea.co.kr/sub/greenbean2.htm?ptype=view&prdcode=2106300003&catcode=000000&page=16&catcode=&grp=&brand=&orderby=&searchopt=&searchkey=
에디오피아 지뎁 첼첼레 스페셜 워시드 예가체프,18500원,에티오피아,Royal Coffee,https://royalcoffeekorea.co.kr/sub/greenbean2.htm?ptype=view&prdcode=2106300004&catcode=000000&page=16&catcode=&grp=&brand=&orderby=&searchopt=&searchkey=
콜롬비아 후일라 라 일루션 내추럴,18600원,콜롬비아,Royal Coffee,https://royalcoffeekorea.co.kr/sub/greenbean2.htm?ptype=view&prdcode=2104090004&catcode=000000&page=16&catcode=&grp=&brand=&orderby=&searchopt=&searchkey=
콜롬비아 후일라 라 일루션 내추럴,18600원,콜롬비아,Royal Coffee,https://royalcoffeekorea.co.kr/sub/greenbean2.htm?ptype=view&prdcode=2104090005&catcode=000000&page=16&catcode=&grp=&brand=&orderby=&searchopt=&searchkey=
브룬디 IWCA 우먼스 그룹,18800원,브룬디,Royal Coffee,https://royalcoffeekorea.co.kr/sub/greenbean2.htm?ptype=view&prdcode=2006290001&catcode=000000&page=16&catcode=&grp=&brand=&orderby=&searchopt=&searchkey=
인도네시아 수마트라 타니 가요 로열 셀렉트 스위스 워터 디카페인,18900원,인도네시아,Royal Coffee,https://royalcoffeekorea.co.kr/sub/greenbean2.htm?ptype=view&prdcode=2008310025&catcode=000000&page=16&catcode=&grp=&brand=&orderby=&searchopt=&searchkey=
에디오피아 지뎁 워카 사카로 다니엘 미야네 워시드 예가체프,19200원,에티오피아,Royal Coffee,https://royalcoffeekorea.co.kr/sub/greenbean2.htm?ptype=view&prdcode=2011110001&catcode=000000&page=16&catcode=&grp=&brand=&orderby=&searchopt=&searchkey=
에디오피아 지뎁 워카 사카로 다니엘 미야네 워시드 예가체프,19200원,에티오피아,Royal Coffee,https://royalcoffeekorea.co.kr/sub/greenbean2.htm?ptype=view&prdcode=2010060008&catcode=000000&page=16&catcode=&grp=&brand=&orderby=&searchopt=&searchkey=
에디오피아 지뎁 프리미엄 우리 워시드 예가체프,19200원,에티오피아,Royal Coffee,https://royalcoffeekorea.co.kr/sub/greenbean2.htm?ptype=view&prdcode=2010060010&catcode=000000&page=16&catcode=&grp=&brand=&orderby=&searchopt=&searchkey=
콜롬비아 산탄데르 마노스 무예르 핀카 산타 마리아 내추럴,19500원,콜롬비아,Royal Coffee,https://royalcoffeekorea.co.kr/sub/greenbean2.htm?ptype=view&prdcode=2105130002&catcode=000000&page=16&catcode=&grp=&brand=&orderby=&searchopt=&searchkey=
콜롬비아 산탄데르 마노스 무예르 핀카 산타 마리아 내추럴,19500원,콜롬비아,Royal Coffee,https://royalcoffeekorea.co.kr/sub/greenbean2.htm?ptype=view&prdcode=2108170015&catcode=000000&page=16&catcode=&grp=&brand=&orderby=&searchopt=&searchkey=
콜롬비아 산탄데르 마노스 무예르 핀카 산타 마리아 내추럴,19500원,콜롬비아,Royal Coffee,https://royalcoffeekorea.co.kr/sub/greenbean2.htm?ptype=view&prdcode=2108180001&catcode=000000&page=16&catcode=&grp=&brand=&orderby=&searchopt=&searchkey=
케냐 키암부 뮤리 농장 AB,19500원,케냐,Royal Coffee,https://royalcoffeekorea.co.kr/sub/greenbean2.htm?ptype=view&prdcode=2108170003&catcode=000000&page=16&catcode=&grp=&brand=&orderby=&searchopt=&searchkey=
코스타리카 모나카 아파오르카 타라주,19900원,코스타리카,Royal Coffee,https://royalcoffeekorea.co.kr/sub/greenbean2.htm?ptype=view&prdcode=2008030010&catcode=000000&page=16&catcode=&grp=&brand=&orderby=&searchopt=&searchkey=
코스타리카 모나카 아파오르카 타라주,19900원,코스타리카,Royal Coffee,https://royalcoffeekorea.co.kr/sub/greenbean2.htm?ptype=view&prdcode=2008250004&catcode=000000&page=17&catcode=&grp=&brand=&orderby=&searchopt=&searchkey=
케냐 무랑가 뉴 키리티 곤도,20000원,케냐,Royal Coffee,https://royalcoffeekorea.co.kr/sub/greenbean2.htm?ptype=view&prdcode=2008030023&catcode=000000&page=17&catcode=&grp=&brand=&orderby=&searchopt=&searchkey=
엘살바도르 핀카 레무스 벨라 비스타 블랙허니 무산소,20500원,엘살바도르,Royal Coffee,https://royalcoffeekorea.co.kr/sub/greenbean2.htm?ptype=view&prdcode=2109280001&catcode=000000&page=17&catcode=&grp=&brand=&orderby=&searchopt=&searchkey=
엘살바도르 핀카 레무스 벨라 비스타 블랙허니 무산소,20500원,엘살바도르,Royal Coffee,https://royalcoffeekorea.co.kr/sub/greenbean2.htm?ptype=view&prdcode=2109230001&catcode=000000&page=17&catcode=&grp=&brand=&orderby=&searchopt=&searchkey=
엘살바도르 핀카 레무스 벨라 비스타 블랙허니 무산소,20500원,엘살바도르,Royal Coffee,https://royalcoffeekorea.co.kr/sub/greenbean2.htm?ptype=view&prdcode=2109100004&catcode=000000&page=17&catcode=&grp=&brand=&orderby=&searchopt=&searchkey=
케냐 키린야가 바라그위 피베리,20500원,케냐,Royal Coffee,https://royalcoffeekorea.co.kr/sub/greenbean2.htm?ptype=view&prdcode=2107070003&catcode=000000&page=17&catcode=&grp=&brand=&orderby=&searchopt=&searchkey=
케냐 키린야가 바라그위 피베리,20500원,케냐,Royal Coffee,https://royalcoffeekorea.co.kr/sub/greenbean2.htm?ptype=view&prdcode=2107070004&catcode=000000&page=17&catcode=&grp=&brand=&orderby=&searchopt=&searchkey=
케냐 키린야가 기칸다 칸고쵸 AB,21000원,케냐,Royal Coffee,https://royalcoffeekorea.co.kr/sub/greenbean2.htm?ptype=view&prdcode=2107070001&catcode=000000&page=17&catcode=&grp=&brand=&orderby=&searchopt=&searchkey=
케냐 키린야가 기칸다 칸고쵸 AB,21000원,케냐,Royal Coffee,https://royalcoffeekorea.co.kr/sub/greenbean2.htm?ptype=view&prdcode=2107070002&catcode=000000&page=17&catcode=&grp=&brand=&orderby=&searchopt=&searchkey=
에디오피아 게뎁 첼체레 내추럴 예가체프,21200원,에티오피아,Royal Coffee,https://royalcoffeekorea.co.kr/sub/greenbean2.htm?ptype=view&prdcode=2009220003&catcode=000000&page=17&catcode=&grp=&brand=&orderby=&searchopt=&searchkey=
에디오피아 게뎁 첼체레 내추럴 예가체프,21200원,에티오피아,Royal Coffee,https://royalcoffeekorea.co.kr/sub/greenbean2.htm?ptype=view&prdcode=2008310016&catcode=000000&page=17&catcode=&grp=&brand=&orderby=&searchopt=&searchkey=
에디오피아 게뎁 베리티 내추럴 예가체프,21200원,에티오피아,Royal Coffee,https://royalcoffeekorea.co.kr/sub/greenbean2.htm?ptype=view&prdcode=2008310017&catcode=000000&page=17&catcode=&grp=&brand=&orderby=&searchopt=&searchkey=
케냐 무랑가 키리안고로 AA,22100원,케냐,Royal Coffee,https://royalcoffeekorea.co.kr/sub/greenbean2.htm?ptype=view&prdcode=2008030024&catcode=000000&page=17&catcode=&grp=&brand=&orderby=&searchopt=&searchkey=
에디오피아 게뎁 프리미엄 우리 내추럴 예가체프,22200원,에티오피아,Royal Coffee,https://royalcoffeekorea.co.kr/sub/greenbean2.htm?ptype=view&prdcode=2009220005&catcode=000000&page=17&catcode=&grp=&brand=&orderby=&searchopt=&searchkey=
에디오피아 게뎁 프리미엄 우리 내추럴 예가체프,22200원,에티오피아,Royal Coffee,https://royalcoffeekorea.co.kr/sub/greenbean2.htm?ptype=view&prdcode=2008310020&catcode=000000&page=17&catcode=&grp=&brand=&orderby=&searchopt=&searchkey=
에디오피아 할로 바리티 베켈레 헤토 내추럴 예가체프,22200원,에티오피아,Royal Coffee,https://royalcoffeekorea.co.kr/sub/greenbean2.htm?ptype=view&prdcode=2105270003&catcode=000000&page=17&catcode=&grp=&brand=&orderby=&searchopt=&searchkey=
에디오피아 할로 바리티 베켈레 헤토 내추럴 예가체프,22200원,에티오피아,Royal Coffee,https://royalcoffeekorea.co.kr/sub/greenbean2.htm?ptype=view&prdcode=2105180002&catcode=000000&page=17&catcode=&grp=&brand=&orderby=&searchopt=&searchkey=
에디오피아 콩가 베켈레 헤토 내추럴 예가체프,22500원,에티오피아,Royal Coffee,https://royalcoffeekorea.co.kr/sub/greenbean2.htm?ptype=view&prdcode=2105270004&catcode=000000&page=17&catcode=&grp=&brand=&orderby=&searchopt=&searchkey=
에디오피아 베드하투 지비쵸 워시드 예가체프 (11월 입고 예정),22500원,에티오피아,Royal Coffee,https://royalcoffeekorea.co.kr/sub/greenbean2.htm?ptype=view&prdcode=2109030001&catcode=000000&page=17&catcode=&grp=&brand=&orderby=&searchopt=&searchkey=
에디오피아 콩가 베켈레 헤토 내추럴 예가체프,22500원,에티오피아,Royal Coffee,https://royalcoffeekorea.co.kr/sub/greenbean2.htm?ptype=view&prdcode=2105180001&catcode=000000&page=17&catcode=&grp=&brand=&orderby=&searchopt=&searchkey=
에디오피아 게뎁 첼베사 워시드 예가체프,22700원,에티오피아,Royal Coffee,https://royalcoffeekorea.co.kr/sub/greenbean2.htm?ptype=view&prdcode=2008310013&catcode=000000&page=17&catcode=&grp=&brand=&orderby=&searchopt=&searchkey=
에디오피아 베드하투 지비쵸 내추럴 예가체프 (11월 입고 예정),22900원,에티오피아,Royal Coffee,https://royalcoffeekorea.co.kr/sub/greenbean2.htm?ptype=view&prdcode=2109030002&catcode=000000&page=18&catcode=&grp=&brand=&orderby=&searchopt=&searchkey=
엘살바도르 핀카 레무스 벨라 비스타 내추럴,23000원,엘살바도르,Royal Coffee,https://royalcoffeekorea.co.kr/sub/greenbean2.htm?ptype=view&prdcode=2110220006&catcode=000000&page=18&catcode=&grp=&brand=&orderby=&searchopt=&searchkey=
엘살바도르 핀카 레무스 벨라 비스타 내추럴,23000원,엘살바도르,Royal Coffee,https://royalcoffeekorea.co.kr/sub/greenbean2.htm?ptype=view&prdcode=2110220004&catcode=000000&page=18&catcode=&grp=&brand=&orderby=&searchopt=&searchkey=
엘살바도르 핀카 레무스 벨라 비스타 내추럴,23000원,엘살바도르,Royal Coffee,https://royalcoffeekorea.co.kr/sub/greenbean2.htm?ptype=view&prdcode=2110220005&catcode=000000&page=18&catcode=&grp=&brand=&orderby=&searchopt=&searchkey=
에디오피아 고티티 스페셜 워시드 예가체프,23500원,에티오피아,Royal Coffee,https://royalcoffeekorea.co.kr/sub/greenbean2.htm?ptype=view&prdcode=2010190002&catcode=000000&page=18&catcode=&grp=&brand=&orderby=&searchopt=&searchkey=
에디오피아 고티티 스페셜 워시드 예가체프,23500원,에티오피아,Royal Coffee,https://royalcoffeekorea.co.kr/sub/greenbean2.htm?ptype=view&prdcode=2008310014&catcode=000000&page=18&catcode=&grp=&brand=&orderby=&searchopt=&searchkey=
케냐 키린야가 룬게토 카리미쿠이 AA,24000원,케냐,Royal Coffee,https://royalcoffeekorea.co.kr/sub/greenbean2.htm?ptype=view&prdcode=2107070005&catcode=000000&page=18&catcode=&grp=&brand=&orderby=&searchopt=&searchkey=
케냐 키린야가 룬게토 카리미쿠이 AA,24000원,케냐,Royal Coffee,https://royalcoffeekorea.co.kr/sub/greenbean2.htm?ptype=view&prdcode=2107070006&catcode=000000&page=18&catcode=&grp=&brand=&orderby=&searchopt=&searchkey=
케냐 키린야가 기칸다 칸고쵸 AA,24000원,케냐,Royal Coffee,https://royalcoffeekorea.co.kr/sub/greenbean2.htm?ptype=view&prdcode=2107070007&catcode=000000&page=18&catcode=&grp=&brand=&orderby=&searchopt=&searchkey=
케냐 키린야가 기칸다 칸고쵸 AA,24000원,케냐,Royal Coffee,https://royalcoffeekorea.co.kr/sub/greenbean2.htm?ptype=view&prdcode=2107070008&catcode=000000&page=18&catcode=&grp=&brand=&orderby=&searchopt=&searchkey=
케냐 키린야가 바라그위 키안지루 AA,24000원,케냐,Royal Coffee,https://royalcoffeekorea.co.kr/sub/greenbean2.htm?ptype=view&prdcode=2107080003&catcode=000000&page=18&catcode=&grp=&brand=&orderby=&searchopt=&searchkey=
케냐 키린야가 바라그위 키안지루 AA,24000원,케냐,Royal Coffee,https://royalcoffeekorea.co.kr/sub/greenbean2.htm?ptype=view&prdcode=2107080004&catcode=000000&page=18&catcode=&grp=&brand=&orderby=&searchopt=&searchkey=
케냐 키린야가 티리크와 가쿠유이니 AA,24000원,케냐,Royal Coffee,https://royalcoffeekorea.co.kr/sub/greenbean2.htm?ptype=view&prdcode=2107090002&catcode=000000&page=18&catcode=&grp=&brand=&orderby=&searchopt=&searchkey=
케냐 키린야가 티리크와 가쿠유이니 AA,24000원,케냐,Royal Coffee,https://royalcoffeekorea.co.kr/sub/greenbean2.htm?ptype=view&prdcode=2107090001&catcode=000000&page=18&catcode=&grp=&brand=&orderby=&searchopt=&searchkey=
페루 사티포 핀카 타스타 내추럴,24700원,페루,Royal Coffee,https://royalcoffeekorea.co.kr/sub/greenbean2.htm?ptype=view&prdcode=2103240001&catcode=000000&page=18&catcode=&grp=&brand=&orderby=&searchopt=&searchkey=
페루 사티포 핀카 타스타 내추럴,24700원,페루,Royal Coffee,https://royalcoffeekorea.co.kr/sub/greenbean2.htm?ptype=view&prdcode=2103050018&catcode=000000&page=18&catcode=&grp=&brand=&orderby=&searchopt=&searchkey=
예맨 모카 알 하이마 피베리,25300원,예맨,Royal Coffee,https://royalcoffeekorea.co.kr/sub/greenbean2.htm?ptype=view&prdcode=2005040032&catcode=000000&page=18&catcode=&grp=&brand=&orderby=&searchopt=&searchkey=
멕시코 유니온 수아레즈 알프레드 클레인 & 아네테,25500원,멕시코,Royal Coffee,https://royalcoffeekorea.co.kr/sub/greenbean2.htm?ptype=view&prdcode=2107130004&catcode=000000&page=18&catcode=&grp=&brand=&orderby=&searchopt=&searchkey=
멕시코 유니온 수아레즈 알프레드 클레인 & 아네테,25800원,멕시코,Royal Coffee,https://royalcoffeekorea.co.kr/sub/greenbean2.htm?ptype=view&prdcode=2107130003&catcode=000000&page=18&catcode=&grp=&brand=&orderby=&searchopt=&searchkey=
케냐 키암부 뮤리 농장 AB TOP,26000원,케냐,Royal Coffee,https://royalcoffeekorea.co.kr/sub/greenbean2.htm?ptype=view&prdcode=2108170002&catcode=000000&page=18&catcode=&grp=&brand=&orderby=&searchopt=&searchkey=
콜롬비아 나리뇨 에코테라 2중 발효/ 워시드,26800원,콜롬비아,Royal Coffee,https://royalcoffeekorea.co.kr/sub/greenbean2.htm?ptype=view&prdcode=2103050002&catcode=000000&page=18&catcode=&grp=&brand=&orderby=&searchopt=&searchkey=
에디오피아 게뎁 우리 베큠팩 (9월 입고 예정),27000원,에티오피아,Royal Coffee,https://royalcoffeekorea.co.kr/sub/greenbean2.htm?ptype=view&prdcode=2108170011&catcode=000000&page=19&catcode=&grp=&brand=&orderby=&searchopt=&searchkey=
콜롬비아 나리뇨 에코테라 2중 발효/ 워시드,27400원,콜롬비아,Royal Coffee,https://royalcoffeekorea.co.kr/sub/greenbean2.htm?ptype=view&prdcode=2103050001&catcode=000000&page=19&catcode=&grp=&brand=&orderby=&searchopt=&searchkey=
멕시코 산 어거스틴 록시차 워시드 티피카 플루마,27500원,멕시코,Royal Coffee,https://royalcoffeekorea.co.kr/sub/greenbean2.htm?ptype=view&prdcode=2110220001&catcode=000000&page=19&catcode=&grp=&brand=&orderby=&searchopt=&searchkey=
멕시코 산 어거스틴 록시차 워시드 티피카 플루마,27500원,멕시코,Royal Coffee,https://royalcoffeekorea.co.kr/sub/greenbean2.htm?ptype=view&prdcode=2110220003&catcode=000000&page=19&catcode=&grp=&brand=&orderby=&searchopt=&searchkey=
멕시코 산 어거스틴 록시차 워시드 티피카 플루마,27500원,멕시코,Royal Coffee,https://royalcoffeekorea.co.kr/sub/greenbean2.htm?ptype=view&prdcode=2110080006&catcode=000000&page=19&catcode=&grp=&brand=&orderby=&searchopt=&searchkey=
멕시코 산 어거스틴 록시차 워시드 티피카 플루마,27500원,멕시코,Royal Coffee,https://royalcoffeekorea.co.kr/sub/greenbean2.htm?ptype=view&prdcode=2110220002&catcode=000000&page=19&catcode=&grp=&brand=&orderby=&searchopt=&searchkey=
케냐 키암부 뮤리 농장 AA TOP,28500원,케냐,Royal Coffee,https://royalcoffeekorea.co.kr/sub/greenbean2.htm?ptype=view&prdcode=2108170001&catcode=000000&page=19&catcode=&grp=&brand=&orderby=&searchopt=&searchkey=
니카라구아 지노테가 후안 데 디오스 카스티요 허니,28500원,니카라구아,Royal Coffee,https://royalcoffeekorea.co.kr/sub/greenbean2.htm?ptype=view&prdcode=2108300003&catcode=000000&page=19&catcode=&grp=&brand=&orderby=&searchopt=&searchkey=
예맨 모카 사나니,29100원,예맨,Royal Coffee,https://royalcoffeekorea.co.kr/sub/greenbean2.htm?ptype=view&prdcode=1703020001&catcode=000000&page=19&catcode=&grp=&brand=&orderby=&searchopt=&searchkey=
디카페인 (Crown Jewel)인도네시아 수마트라 베네르 메리아 가요 만디리 디카페인,29700원,디카페인,Royal Coffee,https://royalcoffeekorea.co.kr/sub/greenbean2.htm?ptype=view&prdcode=2106280001&catcode=000000&page=19&catcode=&grp=&brand=&orderby=&searchopt=&searchkey=
디카페인 (Crown Jewel)인도네시아 수마트라 베네르 메리아 가요 만디리 디카페인,29700원,디카페인,Royal Coffee,https://royalcoffeekorea.co.kr/sub/greenbean2.htm?ptype=view&prdcode=2105130001&catcode=000000&page=19&catcode=&grp=&brand=&orderby=&searchopt=&searchkey=
디카페인 (Crown Jewel)인도네시아 수마트라 베네르 메리아 가요 만디리 디카페인,29700원,디카페인,Royal Coffee,https://royalcoffeekorea.co.kr/sub/greenbean2.htm?ptype=view&prdcode=2105240002&catcode=000000&page=19&catcode=&grp=&brand=&orderby=&searchopt=&searchkey=
과테말라 산 후안 사카테페퀘즈 후안 카를로스 첸,29800원,과테말라,Royal Coffee,https://royalcoffeekorea.co.kr/sub/greenbean2.htm?ptype=view&prdcode=2108300001&catcode=000000&page=19&catcode=&grp=&brand=&orderby=&searchopt=&searchkey=
페루 엘 디아만테 다비드 플로레스 칠콘 옐로우 카투라,30500원,페루,Royal Coffee,https://royalcoffeekorea.co.kr/sub/greenbean2.htm?ptype=view&prdcode=2103050011&catcode=000000&page=19&catcode=&grp=&brand=&orderby=&searchopt=&searchkey=
페루 엘 디아만테 다비드 플로레스 칠콘 옐로우 카투라,30500원,페루,Royal Coffee,https://royalcoffeekorea.co.kr/sub/greenbean2.htm?ptype=view&prdcode=2101280007&catcode=000000&page=19&catcode=&grp=&brand=&orderby=&searchopt=&searchkey=
콜롬비아 아라토카 마일드레드 무뇨즈 내추럴,32000원,콜롬비아,Royal Coffee,https://royalcoffeekorea.co.kr/sub/greenbean2.htm?ptype=view&prdcode=2108170016&catcode=000000&page=19&catcode=&grp=&brand=&orderby=&searchopt=&searchkey=
콜롬비아 아라토카 마일드레드 무뇨즈 내추럴,32000원,콜롬비아,Royal Coffee,https://royalcoffeekorea.co.kr/sub/greenbean2.htm?ptype=view&prdcode=2108170017&catcode=000000&page=19&catcode=&grp=&brand=&orderby=&searchopt=&searchkey=
콜롬비아 아라토카 마일드레드 무뇨즈 내추럴,32000원,콜롬비아,Royal Coffee,https://royalcoffeekorea.co.kr/sub/greenbean2.htm?ptype=view&prdcode=2108170018&catcode=000000&page=19&catcode=&grp=&brand=&orderby=&searchopt=&searchkey=
콜롬비아 아라토카 마일드레드 무뇨즈 내추럴,32000원,콜롬비아,Royal Coffee,https://royalcoffeekorea.co.kr/sub/greenbean2.htm?ptype=view&prdcode=2108180002&catcode=000000&page=19&catcode=&grp=&brand=&orderby=&searchopt=&searchkey=
예맨 모카 마타리,32200원,예맨,Royal Coffee,https://royalcoffeekorea.co.kr/sub/greenbean2.htm?ptype=view&prdcode=2006010002&catcode=000000&page=19&catcode=&grp=&brand=&orderby=&searchopt=&searchkey=
예맨 모카 마타리,32200원,예맨,Royal Coffee,https://royalcoffeekorea.co.kr/sub/greenbean2.htm?ptype=view&prdcode=2005040034&catcode=000000&page=19&catcode=&grp=&brand=&orderby=&searchopt=&searchkey=
예맨 모카 하라지,32500원,예맨,Royal Coffee,https://royalcoffeekorea.co.kr/sub/greenbean2.htm?ptype=view&prdcode=2104260008&catcode=000000&page=20&catcode=&grp=&brand=&orderby=&searchopt=&searchkey=
예맨 모카 쿨라니,32500원,예맨,Royal Coffee,https://royalcoffeekorea.co.kr/sub/greenbean2.htm?ptype=view&prdcode=2104260009&catcode=000000&page=20&catcode=&grp=&brand=&orderby=&searchopt=&searchkey=
예맨 모카 하라지,32500원,예맨,Royal Coffee,https://royalcoffeekorea.co.kr/sub/greenbean2.htm?ptype=view&prdcode=2106230001&catcode=000000&page=20&catcode=&grp=&brand=&orderby=&searchopt=&searchkey=
예맨 모카 쿨라니,32500원,예맨,Royal Coffee,https://royalcoffeekorea.co.kr/sub/greenbean2.htm?ptype=view&prdcode=2106230002&catcode=000000&page=20&catcode=&grp=&brand=&orderby=&searchopt=&searchkey=
예맨 모카 하와리,32500원,예맨,Royal Coffee,https://royalcoffeekorea.co.kr/sub/greenbean2.htm?ptype=view&prdcode=2006010005&catcode=000000&page=20&catcode=&grp=&brand=&orderby=&searchopt=&searchkey=
예맨 모카 하와리,32500원,예맨,Royal Coffee,https://royalcoffeekorea.co.kr/sub/greenbean2.htm?ptype=view&prdcode=2005040035&catcode=000000&page=20&catcode=&grp=&brand=&orderby=&searchopt=&searchkey=
케냐 니에리 마히가 이중 발효 & 이중 워시드,40000원,케냐,Royal Coffee,https://royalcoffeekorea.co.kr/sub/greenbean2.htm?ptype=view&prdcode=2108270001&catcode=000000&page=20&catcode=&grp=&brand=&orderby=&searchopt=&searchkey=
에디오피아 봄베 와이니 발효 가공 방식,114700원,에티오피아,Royal Coffee,https://royalcoffeekorea.co.kr/sub/greenbean2.htm?ptype=view&prdcode=2008310012&catcode=000000&page=20&catcode=&grp=&brand=&orderby=&searchopt=&searchkey=
